-- phpMyAdmin SQL Dump
-- version 4.4.12
-- http://www.phpmyadmin.net
--
-- Host: 127.0.0.1
-- Generation Time: Apr 20, 2019 at 05:00 AM
-- Server version: 5.6.25
-- PHP Version: 5.6.11

SET SQL_MODE = "NO_AUTO_VALUE_ON_ZERO";
SET time_zone = "+00:00";


/*!40101 SET @OLD_CHARACTER_SET_CLIENT=@@CHARACTER_SET_CLIENT */;
/*!40101 SET @OLD_CHARACTER_SET_RESULTS=@@CHARACTER_SET_RESULTS */;
/*!40101 SET @OLD_COLLATION_CONNECTION=@@COLLATION_CONNECTION */;
/*!40101 SET NAMES utf8mb4 */;

--
-- Database: `bidv-2019-hcm`
--

-- --------------------------------------------------------

--
-- Table structure for table `admin`
--

CREATE TABLE IF NOT EXISTS `admin` (
  `maadmin` varchar(50) COLLATE utf8_unicode_ci NOT NULL,
  `matkhau` varchar(50) COLLATE utf8_unicode_ci NOT NULL
) ENGINE=InnoDB DEFAULT CHARSET=utf8 COLLATE=utf8_unicode_ci;

--
-- Dumping data for table `admin`
--

INSERT INTO `admin` (`maadmin`, `matkhau`) VALUES
('bidv-hcm', 'e10adc3949ba59abbe56e057f20f883e');

-- --------------------------------------------------------

--
-- Table structure for table `bode`
--

CREATE TABLE IF NOT EXISTS `bode` (
  `mabode` varchar(20) COLLATE utf8_unicode_ci NOT NULL,
  `tenbode` varchar(300) COLLATE utf8_unicode_ci NOT NULL,
  `diemmax` float DEFAULT NULL,
  `mamodun` varchar(20) COLLATE utf8_unicode_ci NOT NULL
) ENGINE=InnoDB DEFAULT CHARSET=utf8 COLLATE=utf8_unicode_ci;

--
-- Dumping data for table `bode`
--

INSERT INTO `bode` (`mabode`, `tenbode`, `diemmax`, `mamodun`) VALUES
('M01-N01', 'Kiến thức quản lý', 20, 'M2'),
('M01-N02', 'Kiến thức BIDV', 20, 'M2'),
('M01-N03', 'Tạo ảnh hưởng', 15, 'M2'),
('M01-N04', 'Hướng dẫn kèm cặp cán bộ', 15, 'M2'),
('M01-N05', 'Làm việc nhóm', 15, 'M2'),
('M01-N06', 'Lập kế hoạch', 15, 'M2'),
('M02-N01', 'Kiến thức quản lý', 20, 'M1'),
('M02-N02', 'Kiến thức BIDV', 20, 'M1'),
('M02-N03', 'Tạo ảnh hưởng', 15, 'M1'),
('M02-N04', 'Hướng dẫn kèm cặp cán bộ', 15, 'M1'),
('M02-N05', 'Làm việc nhóm', 15, 'M1'),
('M02-N06', 'Lập kế hoạch', 15, 'M1'),
('M03-N01', 'Kiến thức quản lý', 20, 'M4'),
('M03-N02', 'Kiến thức BIDV', 20, 'M4'),
('M03-N03', 'Tạo ảnh hưởng', 20, 'M4'),
('M03-N04', 'Hướng dẫn kèm cặp cán bộ', 20, 'M4'),
('M03-N05', 'Làm việc nhóm', 20, 'M4'),
('M04-N01', 'Kiến thức quản lý', 20, 'M3'),
('M04-N02', 'Kiến thức BIDV', 20, 'M3'),
('M04-N03', 'Tạo ảnh hưởng', 20, 'M3'),
('M04-N04', 'Hướng dẫn kèm cặp cán bộ', 20, 'M3'),
('M04-N05', 'Làm việc nhóm', 20, 'M3');

-- --------------------------------------------------------

--
-- Table structure for table `cathi`
--

CREATE TABLE IF NOT EXISTS `cathi` (
  `macathi` varchar(200) COLLATE utf8_unicode_ci NOT NULL,
  `tencathi` varchar(500) COLLATE utf8_unicode_ci DEFAULT NULL,
  `bd` timestamp NOT NULL DEFAULT CURRENT_TIMESTAMP,
  `kt` timestamp NOT NULL DEFAULT '0000-00-00 00:00:00',
  `ghichu` varchar(2000) COLLATE utf8_unicode_ci DEFAULT NULL,
  `makythi` varchar(20) COLLATE utf8_unicode_ci NOT NULL
) ENGINE=InnoDB DEFAULT CHARSET=utf8 COLLATE=utf8_unicode_ci;

--
-- Dumping data for table `cathi`
--

INSERT INTO `cathi` (`macathi`, `tencathi`, `bd`, `kt`, `ghichu`, `makythi`) VALUES
('NLQL-CA1', 'Ca 1', '2019-04-16 01:00:00', '2019-04-21 02:00:00', 'Quy hoạch Trưởng phòng, Bổ nhiệm lại Trưởng phòng', 'NLQL'),
('NLQL-CA2', 'Ca 2', '2019-04-16 03:00:00', '2019-04-21 04:00:00', 'Quy hoạch Phó trưởng phòng, Bổ nhiệm lại Phó trưởng phòng', 'NLQL');

-- --------------------------------------------------------

--
-- Table structure for table `cauhoi`
--

CREATE TABLE IF NOT EXISTS `cauhoi` (
  `macauhoi` varchar(20) COLLATE utf8_unicode_ci NOT NULL,
  `tencauhoi` varchar(3200) COLLATE utf8_unicode_ci DEFAULT NULL,
  `dapan` varchar(2) COLLATE utf8_unicode_ci DEFAULT NULL,
  `paA` varchar(2000) COLLATE utf8_unicode_ci DEFAULT NULL,
  `paB` varchar(2000) COLLATE utf8_unicode_ci DEFAULT NULL,
  `paC` varchar(2000) COLLATE utf8_unicode_ci DEFAULT NULL,
  `paD` varchar(2000) COLLATE utf8_unicode_ci DEFAULT NULL,
  `paE` varchar(2000) COLLATE utf8_unicode_ci DEFAULT NULL,
  `paF` varchar(2000) COLLATE utf8_unicode_ci DEFAULT NULL,
  `imgviauTencauhoi` varchar(200) COLLATE utf8_unicode_ci DEFAULT NULL,
  `imgviaupaA` varchar(200) COLLATE utf8_unicode_ci DEFAULT NULL,
  `imgviaupaB` varchar(200) COLLATE utf8_unicode_ci DEFAULT NULL,
  `imgviaupaC` varchar(200) COLLATE utf8_unicode_ci DEFAULT NULL,
  `imgviaupaD` varchar(200) COLLATE utf8_unicode_ci DEFAULT NULL,
  `imgviaupaE` varchar(200) COLLATE utf8_unicode_ci DEFAULT NULL,
  `imgviaupaF` varchar(200) COLLATE utf8_unicode_ci DEFAULT NULL,
  `tron` int(1) DEFAULT NULL,
  `mucdo` varchar(20) COLLATE utf8_unicode_ci DEFAULT NULL,
  `sodiem` float DEFAULT NULL,
  `mabode` varchar(20) COLLATE utf8_unicode_ci NOT NULL
) ENGINE=InnoDB DEFAULT CHARSET=utf8 COLLATE=utf8_unicode_ci;

-- --------------------------------------------------------

--
-- Table structure for table `cpthi`
--

CREATE TABLE IF NOT EXISTS `cpthi` (
  `sbd` varchar(20) COLLATE utf8_unicode_ci NOT NULL,
  `mamodun` varchar(20) COLLATE utf8_unicode_ci NOT NULL,
  `cp` varchar(1) COLLATE utf8_unicode_ci DEFAULT NULL
) ENGINE=InnoDB DEFAULT CHARSET=utf8 COLLATE=utf8_unicode_ci;

--
-- Dumping data for table `cpthi`
--

INSERT INTO `cpthi` (`sbd`, `mamodun`, `cp`) VALUES
('QL0475', 'M1', 'K'),
('QL0475', 'M2', 'C'),
('QL0475', 'M3', 'K'),
('QL0475', 'M4', 'K'),
('QL0476', 'M1', 'K'),
('QL0476', 'M2', 'C'),
('QL0476', 'M3', 'K'),
('QL0476', 'M4', 'K'),
('QL0477', 'M1', 'K'),
('QL0477', 'M2', 'C'),
('QL0477', 'M3', 'K'),
('QL0477', 'M4', 'K'),
('QL0478', 'M1', 'K'),
('QL0478', 'M2', 'C'),
('QL0478', 'M3', 'K'),
('QL0478', 'M4', 'K'),
('QL0479', 'M1', 'K'),
('QL0479', 'M2', 'C'),
('QL0479', 'M3', 'K'),
('QL0479', 'M4', 'K'),
('QL0480', 'M1', 'K'),
('QL0480', 'M2', 'C'),
('QL0480', 'M3', 'K'),
('QL0480', 'M4', 'K'),
('QL0481', 'M1', 'K'),
('QL0481', 'M2', 'C'),
('QL0481', 'M3', 'K'),
('QL0481', 'M4', 'K'),
('QL0482', 'M1', 'K'),
('QL0482', 'M2', 'C'),
('QL0482', 'M3', 'K'),
('QL0482', 'M4', 'K'),
('QL0483', 'M1', 'K'),
('QL0483', 'M2', 'C'),
('QL0483', 'M3', 'K'),
('QL0483', 'M4', 'K'),
('QL0484', 'M1', 'K'),
('QL0484', 'M2', 'C'),
('QL0484', 'M3', 'K'),
('QL0484', 'M4', 'K'),
('QL0485', 'M1', 'K'),
('QL0485', 'M2', 'C'),
('QL0485', 'M3', 'K'),
('QL0485', 'M4', 'K'),
('QL0486', 'M1', 'K'),
('QL0486', 'M2', 'C'),
('QL0486', 'M3', 'K'),
('QL0486', 'M4', 'K'),
('QL0487', 'M1', 'K'),
('QL0487', 'M2', 'C'),
('QL0487', 'M3', 'K'),
('QL0487', 'M4', 'K'),
('QL0488', 'M1', 'K'),
('QL0488', 'M2', 'C'),
('QL0488', 'M3', 'K'),
('QL0488', 'M4', 'K'),
('QL0489', 'M1', 'K'),
('QL0489', 'M2', 'C'),
('QL0489', 'M3', 'K'),
('QL0489', 'M4', 'K'),
('QL0490', 'M1', 'K'),
('QL0490', 'M2', 'C'),
('QL0490', 'M3', 'K'),
('QL0490', 'M4', 'K'),
('QL0491', 'M1', 'K'),
('QL0491', 'M2', 'C'),
('QL0491', 'M3', 'K'),
('QL0491', 'M4', 'K'),
('QL0492', 'M1', 'K'),
('QL0492', 'M2', 'C'),
('QL0492', 'M3', 'K'),
('QL0492', 'M4', 'K'),
('QL0493', 'M1', 'K'),
('QL0493', 'M2', 'C'),
('QL0493', 'M3', 'K'),
('QL0493', 'M4', 'K'),
('QL0494', 'M1', 'K'),
('QL0494', 'M2', 'C'),
('QL0494', 'M3', 'K'),
('QL0494', 'M4', 'K'),
('QL0495', 'M1', 'K'),
('QL0495', 'M2', 'C'),
('QL0495', 'M3', 'K'),
('QL0495', 'M4', 'K'),
('QL0496', 'M1', 'K'),
('QL0496', 'M2', 'C'),
('QL0496', 'M3', 'K'),
('QL0496', 'M4', 'K'),
('QL0497', 'M1', 'K'),
('QL0497', 'M2', 'C'),
('QL0497', 'M3', 'K'),
('QL0497', 'M4', 'K'),
('QL0498', 'M1', 'K'),
('QL0498', 'M2', 'C'),
('QL0498', 'M3', 'K'),
('QL0498', 'M4', 'K'),
('QL0499', 'M1', 'K'),
('QL0499', 'M2', 'C'),
('QL0499', 'M3', 'K'),
('QL0499', 'M4', 'K'),
('QL0500', 'M1', 'K'),
('QL0500', 'M2', 'C'),
('QL0500', 'M3', 'K'),
('QL0500', 'M4', 'K'),
('QL0501', 'M1', 'K'),
('QL0501', 'M2', 'C'),
('QL0501', 'M3', 'K'),
('QL0501', 'M4', 'K'),
('QL0502', 'M1', 'K'),
('QL0502', 'M2', 'C'),
('QL0502', 'M3', 'K'),
('QL0502', 'M4', 'K'),
('QL0503', 'M1', 'K'),
('QL0503', 'M2', 'C'),
('QL0503', 'M3', 'K'),
('QL0503', 'M4', 'K'),
('QL0504', 'M1', 'K'),
('QL0504', 'M2', 'C'),
('QL0504', 'M3', 'K'),
('QL0504', 'M4', 'K'),
('QL0505', 'M1', 'K'),
('QL0505', 'M2', 'C'),
('QL0505', 'M3', 'K'),
('QL0505', 'M4', 'K'),
('QL0506', 'M1', 'K'),
('QL0506', 'M2', 'C'),
('QL0506', 'M3', 'K'),
('QL0506', 'M4', 'K'),
('QL0507', 'M1', 'K'),
('QL0507', 'M2', 'C'),
('QL0507', 'M3', 'K'),
('QL0507', 'M4', 'K'),
('QL0508', 'M1', 'K'),
('QL0508', 'M2', 'C'),
('QL0508', 'M3', 'K'),
('QL0508', 'M4', 'K'),
('QL0509', 'M1', 'K'),
('QL0509', 'M2', 'C'),
('QL0509', 'M3', 'K'),
('QL0509', 'M4', 'K'),
('QL0510', 'M1', 'K'),
('QL0510', 'M2', 'C'),
('QL0510', 'M3', 'K'),
('QL0510', 'M4', 'K'),
('QL0511', 'M1', 'K'),
('QL0511', 'M2', 'C'),
('QL0511', 'M3', 'K'),
('QL0511', 'M4', 'K'),
('QL0512', 'M1', 'K'),
('QL0512', 'M2', 'C'),
('QL0512', 'M3', 'K'),
('QL0512', 'M4', 'K'),
('QL0513', 'M1', 'K'),
('QL0513', 'M2', 'C'),
('QL0513', 'M3', 'K'),
('QL0513', 'M4', 'K'),
('QL0514', 'M1', 'K'),
('QL0514', 'M2', 'C'),
('QL0514', 'M3', 'K'),
('QL0514', 'M4', 'K'),
('QL0515', 'M1', 'K'),
('QL0515', 'M2', 'C'),
('QL0515', 'M3', 'K'),
('QL0515', 'M4', 'K'),
('QL0516', 'M1', 'K'),
('QL0516', 'M2', 'C'),
('QL0516', 'M3', 'K'),
('QL0516', 'M4', 'K'),
('QL0517', 'M1', 'K'),
('QL0517', 'M2', 'C'),
('QL0517', 'M3', 'K'),
('QL0517', 'M4', 'K'),
('QL0518', 'M1', 'K'),
('QL0518', 'M2', 'C'),
('QL0518', 'M3', 'K'),
('QL0518', 'M4', 'K'),
('QL0519', 'M1', 'K'),
('QL0519', 'M2', 'C'),
('QL0519', 'M3', 'K'),
('QL0519', 'M4', 'K'),
('QL0520', 'M1', 'K'),
('QL0520', 'M2', 'C'),
('QL0520', 'M3', 'K'),
('QL0520', 'M4', 'K'),
('QL0521', 'M1', 'K'),
('QL0521', 'M2', 'C'),
('QL0521', 'M3', 'K'),
('QL0521', 'M4', 'K'),
('QL0522', 'M1', 'K'),
('QL0522', 'M2', 'C'),
('QL0522', 'M3', 'K'),
('QL0522', 'M4', 'K'),
('QL0523', 'M1', 'K'),
('QL0523', 'M2', 'C'),
('QL0523', 'M3', 'K'),
('QL0523', 'M4', 'K'),
('QL0524', 'M1', 'K'),
('QL0524', 'M2', 'C'),
('QL0524', 'M3', 'K'),
('QL0524', 'M4', 'K'),
('QL0525', 'M1', 'K'),
('QL0525', 'M2', 'C'),
('QL0525', 'M3', 'K'),
('QL0525', 'M4', 'K'),
('QL0526', 'M1', 'K'),
('QL0526', 'M2', 'C'),
('QL0526', 'M3', 'K'),
('QL0526', 'M4', 'K'),
('QL0527', 'M1', 'K'),
('QL0527', 'M2', 'C'),
('QL0527', 'M3', 'K'),
('QL0527', 'M4', 'K'),
('QL0528', 'M1', 'K'),
('QL0528', 'M2', 'C'),
('QL0528', 'M3', 'K'),
('QL0528', 'M4', 'K'),
('QL0529', 'M1', 'K'),
('QL0529', 'M2', 'C'),
('QL0529', 'M3', 'K'),
('QL0529', 'M4', 'K'),
('QL0530', 'M1', 'K'),
('QL0530', 'M2', 'C'),
('QL0530', 'M3', 'K'),
('QL0530', 'M4', 'K'),
('QL0531', 'M1', 'K'),
('QL0531', 'M2', 'C'),
('QL0531', 'M3', 'K'),
('QL0531', 'M4', 'K'),
('QL0532', 'M1', 'K'),
('QL0532', 'M2', 'C'),
('QL0532', 'M3', 'K'),
('QL0532', 'M4', 'K'),
('QL0533', 'M1', 'K'),
('QL0533', 'M2', 'C'),
('QL0533', 'M3', 'K'),
('QL0533', 'M4', 'K'),
('QL0534', 'M1', 'K'),
('QL0534', 'M2', 'C'),
('QL0534', 'M3', 'K'),
('QL0534', 'M4', 'K'),
('QL0535', 'M1', 'K'),
('QL0535', 'M2', 'C'),
('QL0535', 'M3', 'K'),
('QL0535', 'M4', 'K'),
('QL0536', 'M1', 'K'),
('QL0536', 'M2', 'C'),
('QL0536', 'M3', 'K'),
('QL0536', 'M4', 'K'),
('QL0537', 'M1', 'K'),
('QL0537', 'M2', 'C'),
('QL0537', 'M3', 'K'),
('QL0537', 'M4', 'K'),
('QL0538', 'M1', 'K'),
('QL0538', 'M2', 'C'),
('QL0538', 'M3', 'K'),
('QL0538', 'M4', 'K'),
('QL0539', 'M1', 'K'),
('QL0539', 'M2', 'C'),
('QL0539', 'M3', 'K'),
('QL0539', 'M4', 'K'),
('QL0540', 'M1', 'K'),
('QL0540', 'M2', 'C'),
('QL0540', 'M3', 'K'),
('QL0540', 'M4', 'K'),
('QL0541', 'M1', 'K'),
('QL0541', 'M2', 'C'),
('QL0541', 'M3', 'K'),
('QL0541', 'M4', 'K'),
('QL0542', 'M1', 'K'),
('QL0542', 'M2', 'C'),
('QL0542', 'M3', 'K'),
('QL0542', 'M4', 'K'),
('QL0543', 'M1', 'K'),
('QL0543', 'M2', 'C'),
('QL0543', 'M3', 'K'),
('QL0543', 'M4', 'K'),
('QL0544', 'M1', 'K'),
('QL0544', 'M2', 'C'),
('QL0544', 'M3', 'K'),
('QL0544', 'M4', 'K'),
('QL0545', 'M1', 'K'),
('QL0545', 'M2', 'C'),
('QL0545', 'M3', 'K'),
('QL0545', 'M4', 'K'),
('QL0546', 'M1', 'K'),
('QL0546', 'M2', 'C'),
('QL0546', 'M3', 'K'),
('QL0546', 'M4', 'K'),
('QL0547', 'M1', 'K'),
('QL0547', 'M2', 'C'),
('QL0547', 'M3', 'K'),
('QL0547', 'M4', 'K'),
('QL0548', 'M1', 'K'),
('QL0548', 'M2', 'C'),
('QL0548', 'M3', 'K'),
('QL0548', 'M4', 'K'),
('QL0549', 'M1', 'K'),
('QL0549', 'M2', 'C'),
('QL0549', 'M3', 'K'),
('QL0549', 'M4', 'K'),
('QL0550', 'M1', 'K'),
('QL0550', 'M2', 'C'),
('QL0550', 'M3', 'K'),
('QL0550', 'M4', 'K'),
('QL0551', 'M1', 'K'),
('QL0551', 'M2', 'C'),
('QL0551', 'M3', 'K'),
('QL0551', 'M4', 'K'),
('QL0552', 'M1', 'K'),
('QL0552', 'M2', 'C'),
('QL0552', 'M3', 'K'),
('QL0552', 'M4', 'K'),
('QL0553', 'M1', 'K'),
('QL0553', 'M2', 'C'),
('QL0553', 'M3', 'K'),
('QL0553', 'M4', 'K'),
('QL0554', 'M1', 'K'),
('QL0554', 'M2', 'C'),
('QL0554', 'M3', 'K'),
('QL0554', 'M4', 'K'),
('QL0555', 'M1', 'K'),
('QL0555', 'M2', 'C'),
('QL0555', 'M3', 'K'),
('QL0555', 'M4', 'K'),
('QL0556', 'M1', 'K'),
('QL0556', 'M2', 'C'),
('QL0556', 'M3', 'K'),
('QL0556', 'M4', 'K'),
('QL0557', 'M1', 'K'),
('QL0557', 'M2', 'C'),
('QL0557', 'M3', 'K'),
('QL0557', 'M4', 'K'),
('QL0558', 'M1', 'K'),
('QL0558', 'M2', 'C'),
('QL0558', 'M3', 'K'),
('QL0558', 'M4', 'K'),
('QL0559', 'M1', 'K'),
('QL0559', 'M2', 'C'),
('QL0559', 'M3', 'K'),
('QL0559', 'M4', 'K'),
('QL0560', 'M1', 'K'),
('QL0560', 'M2', 'C'),
('QL0560', 'M3', 'K'),
('QL0560', 'M4', 'K'),
('QL0561', 'M1', 'K'),
('QL0561', 'M2', 'C'),
('QL0561', 'M3', 'K'),
('QL0561', 'M4', 'K'),
('QL0562', 'M1', 'C'),
('QL0562', 'M2', 'K'),
('QL0562', 'M3', 'K'),
('QL0562', 'M4', 'K'),
('QL0563', 'M1', 'C'),
('QL0563', 'M2', 'K'),
('QL0563', 'M3', 'K'),
('QL0563', 'M4', 'K'),
('QL0564', 'M1', 'C'),
('QL0564', 'M2', 'K'),
('QL0564', 'M3', 'K'),
('QL0564', 'M4', 'K'),
('QL0565', 'M1', 'C'),
('QL0565', 'M2', 'K'),
('QL0565', 'M3', 'K'),
('QL0565', 'M4', 'K'),
('QL0566', 'M1', 'C'),
('QL0566', 'M2', 'K'),
('QL0566', 'M3', 'K'),
('QL0566', 'M4', 'K'),
('QL0567', 'M1', 'C'),
('QL0567', 'M2', 'K'),
('QL0567', 'M3', 'K'),
('QL0567', 'M4', 'K'),
('QL0568', 'M1', 'C'),
('QL0568', 'M2', 'K'),
('QL0568', 'M3', 'K'),
('QL0568', 'M4', 'K'),
('QL0569', 'M1', 'C'),
('QL0569', 'M2', 'K'),
('QL0569', 'M3', 'K'),
('QL0569', 'M4', 'K'),
('QL0570', 'M1', 'C'),
('QL0570', 'M2', 'K'),
('QL0570', 'M3', 'K'),
('QL0570', 'M4', 'K'),
('QL0571', 'M1', 'C'),
('QL0571', 'M2', 'K'),
('QL0571', 'M3', 'K'),
('QL0571', 'M4', 'K'),
('QL0572', 'M1', 'C'),
('QL0572', 'M2', 'K'),
('QL0572', 'M3', 'K'),
('QL0572', 'M4', 'K'),
('QL0573', 'M1', 'C'),
('QL0573', 'M2', 'K'),
('QL0573', 'M3', 'K'),
('QL0573', 'M4', 'K'),
('QL0574', 'M1', 'C'),
('QL0574', 'M2', 'K'),
('QL0574', 'M3', 'K'),
('QL0574', 'M4', 'K'),
('QL0575', 'M1', 'C'),
('QL0575', 'M2', 'K'),
('QL0575', 'M3', 'K'),
('QL0575', 'M4', 'K'),
('QL0576', 'M1', 'C'),
('QL0576', 'M2', 'K'),
('QL0576', 'M3', 'K'),
('QL0576', 'M4', 'K'),
('QL0577', 'M1', 'C'),
('QL0577', 'M2', 'K'),
('QL0577', 'M3', 'K'),
('QL0577', 'M4', 'K'),
('QL0578', 'M1', 'C'),
('QL0578', 'M2', 'K'),
('QL0578', 'M3', 'K'),
('QL0578', 'M4', 'K'),
('QL0579', 'M1', 'C'),
('QL0579', 'M2', 'K'),
('QL0579', 'M3', 'K'),
('QL0579', 'M4', 'K'),
('QL0580', 'M1', 'C'),
('QL0580', 'M2', 'K'),
('QL0580', 'M3', 'K'),
('QL0580', 'M4', 'K'),
('QL0581', 'M1', 'C'),
('QL0581', 'M2', 'K'),
('QL0581', 'M3', 'K'),
('QL0581', 'M4', 'K'),
('QL0582', 'M1', 'C'),
('QL0582', 'M2', 'K'),
('QL0582', 'M3', 'K'),
('QL0582', 'M4', 'K'),
('QL0583', 'M1', 'C'),
('QL0583', 'M2', 'K'),
('QL0583', 'M3', 'K'),
('QL0583', 'M4', 'K'),
('QL0584', 'M1', 'C'),
('QL0584', 'M2', 'K'),
('QL0584', 'M3', 'K'),
('QL0584', 'M4', 'K'),
('QL0585', 'M1', 'C'),
('QL0585', 'M2', 'K'),
('QL0585', 'M3', 'K'),
('QL0585', 'M4', 'K'),
('QL0586', 'M1', 'C'),
('QL0586', 'M2', 'K'),
('QL0586', 'M3', 'K'),
('QL0586', 'M4', 'K'),
('QL0587', 'M1', 'C'),
('QL0587', 'M2', 'K'),
('QL0587', 'M3', 'K'),
('QL0587', 'M4', 'K'),
('QL0588', 'M1', 'C'),
('QL0588', 'M2', 'K'),
('QL0588', 'M3', 'K'),
('QL0588', 'M4', 'K'),
('QL0589', 'M1', 'C'),
('QL0589', 'M2', 'K'),
('QL0589', 'M3', 'K'),
('QL0589', 'M4', 'K'),
('QL0590', 'M1', 'C'),
('QL0590', 'M2', 'K'),
('QL0590', 'M3', 'K'),
('QL0590', 'M4', 'K'),
('QL0591', 'M1', 'C'),
('QL0591', 'M2', 'K'),
('QL0591', 'M3', 'K'),
('QL0591', 'M4', 'K'),
('QL0592', 'M1', 'C'),
('QL0592', 'M2', 'K'),
('QL0592', 'M3', 'K'),
('QL0592', 'M4', 'K'),
('QL0593', 'M1', 'C'),
('QL0593', 'M2', 'K'),
('QL0593', 'M3', 'K'),
('QL0593', 'M4', 'K'),
('QL0594', 'M1', 'C'),
('QL0594', 'M2', 'K'),
('QL0594', 'M3', 'K'),
('QL0594', 'M4', 'K'),
('QL0595', 'M1', 'C'),
('QL0595', 'M2', 'K'),
('QL0595', 'M3', 'K'),
('QL0595', 'M4', 'K'),
('QL0596', 'M1', 'C'),
('QL0596', 'M2', 'K'),
('QL0596', 'M3', 'K'),
('QL0596', 'M4', 'K'),
('QL0597', 'M1', 'C'),
('QL0597', 'M2', 'K'),
('QL0597', 'M3', 'K'),
('QL0597', 'M4', 'K'),
('QL0598', 'M1', 'C'),
('QL0598', 'M2', 'K'),
('QL0598', 'M3', 'K'),
('QL0598', 'M4', 'K'),
('QL0599', 'M1', 'C'),
('QL0599', 'M2', 'K'),
('QL0599', 'M3', 'K'),
('QL0599', 'M4', 'K'),
('QL0600', 'M1', 'C'),
('QL0600', 'M2', 'K'),
('QL0600', 'M3', 'K'),
('QL0600', 'M4', 'K'),
('QL0601', 'M1', 'C'),
('QL0601', 'M2', 'K'),
('QL0601', 'M3', 'K'),
('QL0601', 'M4', 'K'),
('QL0602', 'M1', 'C'),
('QL0602', 'M2', 'K'),
('QL0602', 'M3', 'K'),
('QL0602', 'M4', 'K'),
('QL0603', 'M1', 'C'),
('QL0603', 'M2', 'K'),
('QL0603', 'M3', 'K'),
('QL0603', 'M4', 'K'),
('QL0604', 'M1', 'C'),
('QL0604', 'M2', 'K'),
('QL0604', 'M3', 'K'),
('QL0604', 'M4', 'K'),
('QL0605', 'M1', 'C'),
('QL0605', 'M2', 'K'),
('QL0605', 'M3', 'K'),
('QL0605', 'M4', 'K'),
('QL0606', 'M1', 'C'),
('QL0606', 'M2', 'K'),
('QL0606', 'M3', 'K'),
('QL0606', 'M4', 'K'),
('QL0607', 'M1', 'C'),
('QL0607', 'M2', 'K'),
('QL0607', 'M3', 'K'),
('QL0607', 'M4', 'K'),
('QL0608', 'M1', 'C'),
('QL0608', 'M2', 'K'),
('QL0608', 'M3', 'K'),
('QL0608', 'M4', 'K'),
('QL0609', 'M1', 'C'),
('QL0609', 'M2', 'K'),
('QL0609', 'M3', 'K'),
('QL0609', 'M4', 'K'),
('QL0610', 'M1', 'C'),
('QL0610', 'M2', 'K'),
('QL0610', 'M3', 'K'),
('QL0610', 'M4', 'K'),
('QL0611', 'M1', 'C'),
('QL0611', 'M2', 'K'),
('QL0611', 'M3', 'K'),
('QL0611', 'M4', 'K'),
('QL0612', 'M1', 'C'),
('QL0612', 'M2', 'K'),
('QL0612', 'M3', 'K'),
('QL0612', 'M4', 'K'),
('QL0613', 'M1', 'C'),
('QL0613', 'M2', 'K'),
('QL0613', 'M3', 'K'),
('QL0613', 'M4', 'K'),
('QL0614', 'M1', 'C'),
('QL0614', 'M2', 'K'),
('QL0614', 'M3', 'K'),
('QL0614', 'M4', 'K'),
('QL0615', 'M1', 'C'),
('QL0615', 'M2', 'K'),
('QL0615', 'M3', 'K'),
('QL0615', 'M4', 'K'),
('QL0616', 'M1', 'C'),
('QL0616', 'M2', 'K'),
('QL0616', 'M3', 'K'),
('QL0616', 'M4', 'K'),
('QL0617', 'M1', 'C'),
('QL0617', 'M2', 'K'),
('QL0617', 'M3', 'K'),
('QL0617', 'M4', 'K'),
('QL0618', 'M1', 'C'),
('QL0618', 'M2', 'K'),
('QL0618', 'M3', 'K'),
('QL0618', 'M4', 'K'),
('QL0619', 'M1', 'C'),
('QL0619', 'M2', 'K'),
('QL0619', 'M3', 'K'),
('QL0619', 'M4', 'K'),
('QL0620', 'M1', 'C'),
('QL0620', 'M2', 'K'),
('QL0620', 'M3', 'K'),
('QL0620', 'M4', 'K'),
('QL0621', 'M1', 'C'),
('QL0621', 'M2', 'K'),
('QL0621', 'M3', 'K'),
('QL0621', 'M4', 'K'),
('QL0622', 'M1', 'C'),
('QL0622', 'M2', 'K'),
('QL0622', 'M3', 'K'),
('QL0622', 'M4', 'K'),
('QL0623', 'M1', 'C'),
('QL0623', 'M2', 'K'),
('QL0623', 'M3', 'K'),
('QL0623', 'M4', 'K'),
('QL0624', 'M1', 'C'),
('QL0624', 'M2', 'K'),
('QL0624', 'M3', 'K'),
('QL0624', 'M4', 'K'),
('QL0625', 'M1', 'C'),
('QL0625', 'M2', 'K'),
('QL0625', 'M3', 'K'),
('QL0625', 'M4', 'K'),
('QL0626', 'M1', 'C'),
('QL0626', 'M2', 'K'),
('QL0626', 'M3', 'K'),
('QL0626', 'M4', 'K'),
('QL0627', 'M1', 'C'),
('QL0627', 'M2', 'K'),
('QL0627', 'M3', 'K'),
('QL0627', 'M4', 'K'),
('QL0629', 'M1', 'K'),
('QL0629', 'M2', 'K'),
('QL0629', 'M3', 'K'),
('QL0629', 'M4', 'C'),
('QL0630', 'M1', 'K'),
('QL0630', 'M2', 'K'),
('QL0630', 'M3', 'K'),
('QL0630', 'M4', 'C'),
('QL0631', 'M1', 'K'),
('QL0631', 'M2', 'K'),
('QL0631', 'M3', 'K'),
('QL0631', 'M4', 'C'),
('QL0632', 'M1', 'K'),
('QL0632', 'M2', 'K'),
('QL0632', 'M3', 'K'),
('QL0632', 'M4', 'C'),
('QL0634', 'M1', 'K'),
('QL0634', 'M2', 'K'),
('QL0634', 'M3', 'K'),
('QL0634', 'M4', 'C'),
('QL0635', 'M1', 'K'),
('QL0635', 'M2', 'K'),
('QL0635', 'M3', 'K'),
('QL0635', 'M4', 'C'),
('QL0636', 'M1', 'K'),
('QL0636', 'M2', 'K'),
('QL0636', 'M3', 'K'),
('QL0636', 'M4', 'C'),
('QL0637', 'M1', 'K'),
('QL0637', 'M2', 'K'),
('QL0637', 'M3', 'K'),
('QL0637', 'M4', 'C'),
('QL0638', 'M1', 'K'),
('QL0638', 'M2', 'K'),
('QL0638', 'M3', 'K'),
('QL0638', 'M4', 'C'),
('QL0639', 'M1', 'K'),
('QL0639', 'M2', 'K'),
('QL0639', 'M3', 'K'),
('QL0639', 'M4', 'C'),
('QL0640', 'M1', 'K'),
('QL0640', 'M2', 'K'),
('QL0640', 'M3', 'K'),
('QL0640', 'M4', 'C'),
('QL0641', 'M1', 'K'),
('QL0641', 'M2', 'K'),
('QL0641', 'M3', 'K'),
('QL0641', 'M4', 'C'),
('QL0642', 'M1', 'K'),
('QL0642', 'M2', 'K'),
('QL0642', 'M3', 'K'),
('QL0642', 'M4', 'C'),
('QL0644', 'M1', 'K'),
('QL0644', 'M2', 'K'),
('QL0644', 'M3', 'K'),
('QL0644', 'M4', 'C'),
('QL0645', 'M1', 'K'),
('QL0645', 'M2', 'K'),
('QL0645', 'M3', 'K'),
('QL0645', 'M4', 'C'),
('QL0646', 'M1', 'K'),
('QL0646', 'M2', 'K'),
('QL0646', 'M3', 'K'),
('QL0646', 'M4', 'C'),
('QL0647', 'M1', 'K'),
('QL0647', 'M2', 'K'),
('QL0647', 'M3', 'K'),
('QL0647', 'M4', 'C'),
('QL0648', 'M1', 'K'),
('QL0648', 'M2', 'K'),
('QL0648', 'M3', 'K'),
('QL0648', 'M4', 'C'),
('QL0649', 'M1', 'K'),
('QL0649', 'M2', 'K'),
('QL0649', 'M3', 'K'),
('QL0649', 'M4', 'C'),
('QL0650', 'M1', 'K'),
('QL0650', 'M2', 'K'),
('QL0650', 'M3', 'K'),
('QL0650', 'M4', 'C'),
('QL0652', 'M1', 'K'),
('QL0652', 'M2', 'K'),
('QL0652', 'M3', 'K'),
('QL0652', 'M4', 'C'),
('QL0653', 'M1', 'K'),
('QL0653', 'M2', 'K'),
('QL0653', 'M3', 'K'),
('QL0653', 'M4', 'C'),
('QL0654', 'M1', 'K'),
('QL0654', 'M2', 'K'),
('QL0654', 'M3', 'K'),
('QL0654', 'M4', 'C'),
('QL0655', 'M1', 'K'),
('QL0655', 'M2', 'K'),
('QL0655', 'M3', 'K'),
('QL0655', 'M4', 'C'),
('QL0656', 'M1', 'K'),
('QL0656', 'M2', 'K'),
('QL0656', 'M3', 'K'),
('QL0656', 'M4', 'C'),
('QL0657', 'M1', 'K'),
('QL0657', 'M2', 'K'),
('QL0657', 'M3', 'K'),
('QL0657', 'M4', 'C'),
('QL0658', 'M1', 'K'),
('QL0658', 'M2', 'K'),
('QL0658', 'M3', 'K'),
('QL0658', 'M4', 'C'),
('QL0659', 'M1', 'K'),
('QL0659', 'M2', 'K'),
('QL0659', 'M3', 'K'),
('QL0659', 'M4', 'C'),
('QL0660', 'M1', 'K'),
('QL0660', 'M2', 'K'),
('QL0660', 'M3', 'K'),
('QL0660', 'M4', 'C'),
('QL0661', 'M1', 'K'),
('QL0661', 'M2', 'K'),
('QL0661', 'M3', 'K'),
('QL0661', 'M4', 'C'),
('QL0662', 'M1', 'K'),
('QL0662', 'M2', 'K'),
('QL0662', 'M3', 'K'),
('QL0662', 'M4', 'C'),
('QL0663', 'M1', 'K'),
('QL0663', 'M2', 'K'),
('QL0663', 'M3', 'K'),
('QL0663', 'M4', 'C'),
('QL0664', 'M1', 'K'),
('QL0664', 'M2', 'K'),
('QL0664', 'M3', 'K'),
('QL0664', 'M4', 'C'),
('QL0665', 'M1', 'K'),
('QL0665', 'M2', 'K'),
('QL0665', 'M3', 'K'),
('QL0665', 'M4', 'C'),
('QL0666', 'M1', 'K'),
('QL0666', 'M2', 'K'),
('QL0666', 'M3', 'K'),
('QL0666', 'M4', 'C'),
('QL0668', 'M1', 'K'),
('QL0668', 'M2', 'K'),
('QL0668', 'M3', 'K'),
('QL0668', 'M4', 'C'),
('QL0669', 'M1', 'K'),
('QL0669', 'M2', 'K'),
('QL0669', 'M3', 'K'),
('QL0669', 'M4', 'C'),
('QL0670', 'M1', 'K'),
('QL0670', 'M2', 'K'),
('QL0670', 'M3', 'K'),
('QL0670', 'M4', 'C'),
('QL0671', 'M1', 'K'),
('QL0671', 'M2', 'K'),
('QL0671', 'M3', 'K'),
('QL0671', 'M4', 'C'),
('QL0672', 'M1', 'K'),
('QL0672', 'M2', 'K'),
('QL0672', 'M3', 'K'),
('QL0672', 'M4', 'C'),
('QL0673', 'M1', 'K'),
('QL0673', 'M2', 'K'),
('QL0673', 'M3', 'K'),
('QL0673', 'M4', 'C'),
('QL0674', 'M1', 'K'),
('QL0674', 'M2', 'K'),
('QL0674', 'M3', 'K'),
('QL0674', 'M4', 'C'),
('QL0675', 'M1', 'K'),
('QL0675', 'M2', 'K'),
('QL0675', 'M3', 'K'),
('QL0675', 'M4', 'C'),
('QL0676', 'M1', 'K'),
('QL0676', 'M2', 'K'),
('QL0676', 'M3', 'K'),
('QL0676', 'M4', 'C'),
('QL0677', 'M1', 'K'),
('QL0677', 'M2', 'K'),
('QL0677', 'M3', 'K'),
('QL0677', 'M4', 'C'),
('QL0678', 'M1', 'K'),
('QL0678', 'M2', 'K'),
('QL0678', 'M3', 'K'),
('QL0678', 'M4', 'C'),
('QL0679', 'M1', 'K'),
('QL0679', 'M2', 'K'),
('QL0679', 'M3', 'K'),
('QL0679', 'M4', 'C'),
('QL0680', 'M1', 'K'),
('QL0680', 'M2', 'K'),
('QL0680', 'M3', 'K'),
('QL0680', 'M4', 'C'),
('QL0681', 'M1', 'K'),
('QL0681', 'M2', 'K'),
('QL0681', 'M3', 'K'),
('QL0681', 'M4', 'C'),
('QL0682', 'M1', 'K'),
('QL0682', 'M2', 'K'),
('QL0682', 'M3', 'K'),
('QL0682', 'M4', 'C'),
('QL0684', 'M1', 'K'),
('QL0684', 'M2', 'K'),
('QL0684', 'M3', 'K'),
('QL0684', 'M4', 'C'),
('QL0685', 'M1', 'K'),
('QL0685', 'M2', 'K'),
('QL0685', 'M3', 'K'),
('QL0685', 'M4', 'C'),
('QL0686', 'M1', 'K'),
('QL0686', 'M2', 'K'),
('QL0686', 'M3', 'K'),
('QL0686', 'M4', 'C'),
('QL0687', 'M1', 'K'),
('QL0687', 'M2', 'K'),
('QL0687', 'M3', 'K'),
('QL0687', 'M4', 'C'),
('QL0688', 'M1', 'K'),
('QL0688', 'M2', 'K'),
('QL0688', 'M3', 'K'),
('QL0688', 'M4', 'C'),
('QL0689', 'M1', 'K'),
('QL0689', 'M2', 'K'),
('QL0689', 'M3', 'K'),
('QL0689', 'M4', 'C'),
('QL0690', 'M1', 'K'),
('QL0690', 'M2', 'K'),
('QL0690', 'M3', 'K'),
('QL0690', 'M4', 'C'),
('QL0691', 'M1', 'K'),
('QL0691', 'M2', 'K'),
('QL0691', 'M3', 'K'),
('QL0691', 'M4', 'C'),
('QL0692', 'M1', 'K'),
('QL0692', 'M2', 'K'),
('QL0692', 'M3', 'K'),
('QL0692', 'M4', 'C'),
('QL0693', 'M1', 'K'),
('QL0693', 'M2', 'K'),
('QL0693', 'M3', 'K'),
('QL0693', 'M4', 'C'),
('QL0694', 'M1', 'K'),
('QL0694', 'M2', 'K'),
('QL0694', 'M3', 'K'),
('QL0694', 'M4', 'C'),
('QL0695', 'M1', 'K'),
('QL0695', 'M2', 'K'),
('QL0695', 'M3', 'K'),
('QL0695', 'M4', 'C'),
('QL0696', 'M1', 'K'),
('QL0696', 'M2', 'K'),
('QL0696', 'M3', 'K'),
('QL0696', 'M4', 'C'),
('QL0697', 'M1', 'K'),
('QL0697', 'M2', 'K'),
('QL0697', 'M3', 'K'),
('QL0697', 'M4', 'C'),
('QL0698', 'M1', 'K'),
('QL0698', 'M2', 'K'),
('QL0698', 'M3', 'K'),
('QL0698', 'M4', 'C'),
('QL0699', 'M1', 'K'),
('QL0699', 'M2', 'K'),
('QL0699', 'M3', 'K'),
('QL0699', 'M4', 'C'),
('QL0700', 'M1', 'K'),
('QL0700', 'M2', 'K'),
('QL0700', 'M3', 'K'),
('QL0700', 'M4', 'C'),
('QL0701', 'M1', 'K'),
('QL0701', 'M2', 'K'),
('QL0701', 'M3', 'K'),
('QL0701', 'M4', 'C'),
('QL0702', 'M1', 'K'),
('QL0702', 'M2', 'K'),
('QL0702', 'M3', 'K'),
('QL0702', 'M4', 'C'),
('QL0703', 'M1', 'K'),
('QL0703', 'M2', 'K'),
('QL0703', 'M3', 'K'),
('QL0703', 'M4', 'C'),
('QL0704', 'M1', 'K'),
('QL0704', 'M2', 'K'),
('QL0704', 'M3', 'K'),
('QL0704', 'M4', 'C'),
('QL0705', 'M1', 'K'),
('QL0705', 'M2', 'K'),
('QL0705', 'M3', 'K'),
('QL0705', 'M4', 'C'),
('QL0706', 'M1', 'K'),
('QL0706', 'M2', 'K'),
('QL0706', 'M3', 'K'),
('QL0706', 'M4', 'C'),
('QL0707', 'M1', 'K'),
('QL0707', 'M2', 'K'),
('QL0707', 'M3', 'K'),
('QL0707', 'M4', 'C'),
('QL0708', 'M1', 'K'),
('QL0708', 'M2', 'K'),
('QL0708', 'M3', 'K'),
('QL0708', 'M4', 'C'),
('QL0709', 'M1', 'K'),
('QL0709', 'M2', 'K'),
('QL0709', 'M3', 'K'),
('QL0709', 'M4', 'C'),
('QL0710', 'M1', 'K'),
('QL0710', 'M2', 'K'),
('QL0710', 'M3', 'K'),
('QL0710', 'M4', 'C'),
('QL0711', 'M1', 'K'),
('QL0711', 'M2', 'K'),
('QL0711', 'M3', 'K'),
('QL0711', 'M4', 'C'),
('QL0712', 'M1', 'K'),
('QL0712', 'M2', 'K'),
('QL0712', 'M3', 'K'),
('QL0712', 'M4', 'C'),
('QL0713', 'M1', 'K'),
('QL0713', 'M2', 'K'),
('QL0713', 'M3', 'K'),
('QL0713', 'M4', 'C'),
('QL0714', 'M1', 'K'),
('QL0714', 'M2', 'K'),
('QL0714', 'M3', 'K'),
('QL0714', 'M4', 'C'),
('QL0715', 'M1', 'K'),
('QL0715', 'M2', 'K'),
('QL0715', 'M3', 'K'),
('QL0715', 'M4', 'C'),
('QL0716', 'M1', 'K'),
('QL0716', 'M2', 'K'),
('QL0716', 'M3', 'K'),
('QL0716', 'M4', 'C'),
('QL0717', 'M1', 'K'),
('QL0717', 'M2', 'K'),
('QL0717', 'M3', 'K'),
('QL0717', 'M4', 'C'),
('QL0718', 'M1', 'K'),
('QL0718', 'M2', 'K'),
('QL0718', 'M3', 'K'),
('QL0718', 'M4', 'C'),
('QL0719', 'M1', 'K'),
('QL0719', 'M2', 'K'),
('QL0719', 'M3', 'K'),
('QL0719', 'M4', 'C'),
('QL0720', 'M1', 'K'),
('QL0720', 'M2', 'K'),
('QL0720', 'M3', 'K'),
('QL0720', 'M4', 'C'),
('QL0721', 'M1', 'K'),
('QL0721', 'M2', 'K'),
('QL0721', 'M3', 'K'),
('QL0721', 'M4', 'C'),
('QL0722', 'M1', 'K'),
('QL0722', 'M2', 'K'),
('QL0722', 'M3', 'K'),
('QL0722', 'M4', 'C'),
('QL0723', 'M1', 'K'),
('QL0723', 'M2', 'K'),
('QL0723', 'M3', 'K'),
('QL0723', 'M4', 'C'),
('QL0724', 'M1', 'K'),
('QL0724', 'M2', 'K'),
('QL0724', 'M3', 'K'),
('QL0724', 'M4', 'C'),
('QL0725', 'M1', 'K'),
('QL0725', 'M2', 'K'),
('QL0725', 'M3', 'K'),
('QL0725', 'M4', 'C'),
('QL0726', 'M1', 'K'),
('QL0726', 'M2', 'K'),
('QL0726', 'M3', 'K'),
('QL0726', 'M4', 'C'),
('QL0727', 'M1', 'K'),
('QL0727', 'M2', 'K'),
('QL0727', 'M3', 'K'),
('QL0727', 'M4', 'C'),
('QL0728', 'M1', 'K'),
('QL0728', 'M2', 'K'),
('QL0728', 'M3', 'K'),
('QL0728', 'M4', 'C'),
('QL0729', 'M1', 'K'),
('QL0729', 'M2', 'K'),
('QL0729', 'M3', 'K'),
('QL0729', 'M4', 'C'),
('QL0730', 'M1', 'K'),
('QL0730', 'M2', 'K'),
('QL0730', 'M3', 'K'),
('QL0730', 'M4', 'C'),
('QL0731', 'M1', 'K'),
('QL0731', 'M2', 'K'),
('QL0731', 'M3', 'K'),
('QL0731', 'M4', 'C'),
('QL0733', 'M1', 'K'),
('QL0733', 'M2', 'K'),
('QL0733', 'M3', 'K'),
('QL0733', 'M4', 'C'),
('QL0734', 'M1', 'K'),
('QL0734', 'M2', 'K'),
('QL0734', 'M3', 'K'),
('QL0734', 'M4', 'C'),
('QL0735', 'M1', 'K'),
('QL0735', 'M2', 'K'),
('QL0735', 'M3', 'K'),
('QL0735', 'M4', 'C'),
('QL0736', 'M1', 'K'),
('QL0736', 'M2', 'K'),
('QL0736', 'M3', 'K'),
('QL0736', 'M4', 'C'),
('QL0737', 'M1', 'K'),
('QL0737', 'M2', 'K'),
('QL0737', 'M3', 'K'),
('QL0737', 'M4', 'C'),
('QL0738', 'M1', 'K'),
('QL0738', 'M2', 'K'),
('QL0738', 'M3', 'K'),
('QL0738', 'M4', 'C'),
('QL0739', 'M1', 'K'),
('QL0739', 'M2', 'K'),
('QL0739', 'M3', 'K'),
('QL0739', 'M4', 'C'),
('QL0740', 'M1', 'K'),
('QL0740', 'M2', 'K'),
('QL0740', 'M3', 'K'),
('QL0740', 'M4', 'C'),
('QL0741', 'M1', 'K'),
('QL0741', 'M2', 'K'),
('QL0741', 'M3', 'K'),
('QL0741', 'M4', 'C'),
('QL0742', 'M1', 'K'),
('QL0742', 'M2', 'K'),
('QL0742', 'M3', 'K'),
('QL0742', 'M4', 'C'),
('QL0743', 'M1', 'K'),
('QL0743', 'M2', 'K'),
('QL0743', 'M3', 'K'),
('QL0743', 'M4', 'C'),
('QL0744', 'M1', 'K'),
('QL0744', 'M2', 'K'),
('QL0744', 'M3', 'K'),
('QL0744', 'M4', 'C'),
('QL0745', 'M1', 'K'),
('QL0745', 'M2', 'K'),
('QL0745', 'M3', 'K'),
('QL0745', 'M4', 'C'),
('QL0746', 'M1', 'K'),
('QL0746', 'M2', 'K'),
('QL0746', 'M3', 'K'),
('QL0746', 'M4', 'C'),
('QL0747', 'M1', 'K'),
('QL0747', 'M2', 'K'),
('QL0747', 'M3', 'K'),
('QL0747', 'M4', 'C'),
('QL0748', 'M1', 'K'),
('QL0748', 'M2', 'K'),
('QL0748', 'M3', 'K'),
('QL0748', 'M4', 'C'),
('QL0749', 'M1', 'K'),
('QL0749', 'M2', 'K'),
('QL0749', 'M3', 'K'),
('QL0749', 'M4', 'C'),
('QL0750', 'M1', 'K'),
('QL0750', 'M2', 'K'),
('QL0750', 'M3', 'K'),
('QL0750', 'M4', 'C'),
('QL0751', 'M1', 'K'),
('QL0751', 'M2', 'K'),
('QL0751', 'M3', 'K'),
('QL0751', 'M4', 'C'),
('QL0752', 'M1', 'K'),
('QL0752', 'M2', 'K'),
('QL0752', 'M3', 'K'),
('QL0752', 'M4', 'C'),
('QL0753', 'M1', 'K'),
('QL0753', 'M2', 'K'),
('QL0753', 'M3', 'K'),
('QL0753', 'M4', 'C'),
('QL0754', 'M1', 'K'),
('QL0754', 'M2', 'K'),
('QL0754', 'M3', 'K'),
('QL0754', 'M4', 'C'),
('QL0755', 'M1', 'K'),
('QL0755', 'M2', 'K'),
('QL0755', 'M3', 'K'),
('QL0755', 'M4', 'C'),
('QL0756', 'M1', 'K'),
('QL0756', 'M2', 'K'),
('QL0756', 'M3', 'K'),
('QL0756', 'M4', 'C'),
('QL0757', 'M1', 'K'),
('QL0757', 'M2', 'K'),
('QL0757', 'M3', 'K'),
('QL0757', 'M4', 'C'),
('QL0758', 'M1', 'K'),
('QL0758', 'M2', 'K'),
('QL0758', 'M3', 'K'),
('QL0758', 'M4', 'C'),
('QL0759', 'M1', 'K'),
('QL0759', 'M2', 'K'),
('QL0759', 'M3', 'K'),
('QL0759', 'M4', 'C'),
('QL0760', 'M1', 'K'),
('QL0760', 'M2', 'K'),
('QL0760', 'M3', 'K'),
('QL0760', 'M4', 'C'),
('QL0761', 'M1', 'K'),
('QL0761', 'M2', 'K'),
('QL0761', 'M3', 'K'),
('QL0761', 'M4', 'C'),
('QL0762', 'M1', 'K'),
('QL0762', 'M2', 'K'),
('QL0762', 'M3', 'K'),
('QL0762', 'M4', 'C'),
('QL0763', 'M1', 'K'),
('QL0763', 'M2', 'K'),
('QL0763', 'M3', 'K'),
('QL0763', 'M4', 'C'),
('QL0764', 'M1', 'K'),
('QL0764', 'M2', 'K'),
('QL0764', 'M3', 'K'),
('QL0764', 'M4', 'C'),
('QL0765', 'M1', 'K'),
('QL0765', 'M2', 'K'),
('QL0765', 'M3', 'K'),
('QL0765', 'M4', 'C'),
('QL0766', 'M1', 'K'),
('QL0766', 'M2', 'K'),
('QL0766', 'M3', 'K'),
('QL0766', 'M4', 'C'),
('QL0767', 'M1', 'K'),
('QL0767', 'M2', 'K'),
('QL0767', 'M3', 'K'),
('QL0767', 'M4', 'C'),
('QL0768', 'M1', 'K'),
('QL0768', 'M2', 'K'),
('QL0768', 'M3', 'K'),
('QL0768', 'M4', 'C'),
('QL0769', 'M1', 'K'),
('QL0769', 'M2', 'K'),
('QL0769', 'M3', 'K'),
('QL0769', 'M4', 'C'),
('QL0770', 'M1', 'K'),
('QL0770', 'M2', 'K'),
('QL0770', 'M3', 'K'),
('QL0770', 'M4', 'C'),
('QL0771', 'M1', 'K'),
('QL0771', 'M2', 'K'),
('QL0771', 'M3', 'K'),
('QL0771', 'M4', 'C'),
('QL0772', 'M1', 'K'),
('QL0772', 'M2', 'K'),
('QL0772', 'M3', 'K'),
('QL0772', 'M4', 'C'),
('QL0773', 'M1', 'K'),
('QL0773', 'M2', 'K'),
('QL0773', 'M3', 'K'),
('QL0773', 'M4', 'C'),
('QL0774', 'M1', 'K'),
('QL0774', 'M2', 'K'),
('QL0774', 'M3', 'K'),
('QL0774', 'M4', 'C'),
('QL0776', 'M1', 'K'),
('QL0776', 'M2', 'K'),
('QL0776', 'M3', 'K'),
('QL0776', 'M4', 'C'),
('QL0777', 'M1', 'K'),
('QL0777', 'M2', 'K'),
('QL0777', 'M3', 'K'),
('QL0777', 'M4', 'C'),
('QL0778', 'M1', 'K'),
('QL0778', 'M2', 'K'),
('QL0778', 'M3', 'K'),
('QL0778', 'M4', 'C'),
('QL0779', 'M1', 'K'),
('QL0779', 'M2', 'K'),
('QL0779', 'M3', 'K'),
('QL0779', 'M4', 'C'),
('QL0780', 'M1', 'K'),
('QL0780', 'M2', 'K'),
('QL0780', 'M3', 'K'),
('QL0780', 'M4', 'C'),
('QL0781', 'M1', 'K'),
('QL0781', 'M2', 'K'),
('QL0781', 'M3', 'K'),
('QL0781', 'M4', 'C'),
('QL0782', 'M1', 'K'),
('QL0782', 'M2', 'K'),
('QL0782', 'M3', 'K'),
('QL0782', 'M4', 'C'),
('QL0783', 'M1', 'K'),
('QL0783', 'M2', 'K'),
('QL0783', 'M3', 'K'),
('QL0783', 'M4', 'C'),
('QL0784', 'M1', 'K'),
('QL0784', 'M2', 'K'),
('QL0784', 'M3', 'K'),
('QL0784', 'M4', 'C'),
('QL0785', 'M1', 'K'),
('QL0785', 'M2', 'K'),
('QL0785', 'M3', 'K'),
('QL0785', 'M4', 'C'),
('QL0786', 'M1', 'K'),
('QL0786', 'M2', 'K'),
('QL0786', 'M3', 'K'),
('QL0786', 'M4', 'C'),
('QL0787', 'M1', 'K'),
('QL0787', 'M2', 'K'),
('QL0787', 'M3', 'K'),
('QL0787', 'M4', 'C'),
('QL0788', 'M1', 'K'),
('QL0788', 'M2', 'K'),
('QL0788', 'M3', 'K'),
('QL0788', 'M4', 'C'),
('QL0789', 'M1', 'K'),
('QL0789', 'M2', 'K'),
('QL0789', 'M3', 'K'),
('QL0789', 'M4', 'C'),
('QL0790', 'M1', 'K'),
('QL0790', 'M2', 'K'),
('QL0790', 'M3', 'K'),
('QL0790', 'M4', 'C'),
('QL0791', 'M1', 'K'),
('QL0791', 'M2', 'K'),
('QL0791', 'M3', 'K'),
('QL0791', 'M4', 'C'),
('QL0792', 'M1', 'K'),
('QL0792', 'M2', 'K'),
('QL0792', 'M3', 'K'),
('QL0792', 'M4', 'C'),
('QL0793', 'M1', 'K'),
('QL0793', 'M2', 'K'),
('QL0793', 'M3', 'K'),
('QL0793', 'M4', 'C'),
('QL0794', 'M1', 'K'),
('QL0794', 'M2', 'K'),
('QL0794', 'M3', 'K'),
('QL0794', 'M4', 'C'),
('QL0795', 'M1', 'K'),
('QL0795', 'M2', 'K'),
('QL0795', 'M3', 'K'),
('QL0795', 'M4', 'C'),
('QL0796', 'M1', 'K'),
('QL0796', 'M2', 'K'),
('QL0796', 'M3', 'K'),
('QL0796', 'M4', 'C'),
('QL0797', 'M1', 'K'),
('QL0797', 'M2', 'K'),
('QL0797', 'M3', 'K'),
('QL0797', 'M4', 'C'),
('QL0798', 'M1', 'K'),
('QL0798', 'M2', 'K'),
('QL0798', 'M3', 'K'),
('QL0798', 'M4', 'C'),
('QL0799', 'M1', 'K'),
('QL0799', 'M2', 'K'),
('QL0799', 'M3', 'K'),
('QL0799', 'M4', 'C'),
('QL0800', 'M1', 'K'),
('QL0800', 'M2', 'K'),
('QL0800', 'M3', 'C'),
('QL0800', 'M4', 'K'),
('QL0801', 'M1', 'K'),
('QL0801', 'M2', 'K'),
('QL0801', 'M3', 'C'),
('QL0801', 'M4', 'K'),
('QL0802', 'M1', 'K'),
('QL0802', 'M2', 'K'),
('QL0802', 'M3', 'C'),
('QL0802', 'M4', 'K'),
('QL0803', 'M1', 'K'),
('QL0803', 'M2', 'K'),
('QL0803', 'M3', 'C'),
('QL0803', 'M4', 'K'),
('QL0804', 'M1', 'K'),
('QL0804', 'M2', 'K'),
('QL0804', 'M3', 'C'),
('QL0804', 'M4', 'K'),
('QL0805', 'M1', 'K'),
('QL0805', 'M2', 'K'),
('QL0805', 'M3', 'C'),
('QL0805', 'M4', 'K'),
('QL0806', 'M1', 'K'),
('QL0806', 'M2', 'K'),
('QL0806', 'M3', 'C'),
('QL0806', 'M4', 'K'),
('QL0807', 'M1', 'K'),
('QL0807', 'M2', 'K'),
('QL0807', 'M3', 'C'),
('QL0807', 'M4', 'K'),
('QL0808', 'M1', 'K'),
('QL0808', 'M2', 'K'),
('QL0808', 'M3', 'C'),
('QL0808', 'M4', 'K'),
('QL0809', 'M1', 'K'),
('QL0809', 'M2', 'K'),
('QL0809', 'M3', 'C'),
('QL0809', 'M4', 'K'),
('QL0810', 'M1', 'K'),
('QL0810', 'M2', 'K'),
('QL0810', 'M3', 'C'),
('QL0810', 'M4', 'K'),
('QL0811', 'M1', 'K'),
('QL0811', 'M2', 'K'),
('QL0811', 'M3', 'C'),
('QL0811', 'M4', 'K'),
('QL0812', 'M1', 'K'),
('QL0812', 'M2', 'K'),
('QL0812', 'M3', 'C'),
('QL0812', 'M4', 'K'),
('QL0813', 'M1', 'K'),
('QL0813', 'M2', 'K'),
('QL0813', 'M3', 'C'),
('QL0813', 'M4', 'K'),
('QL0814', 'M1', 'K'),
('QL0814', 'M2', 'K'),
('QL0814', 'M3', 'C'),
('QL0814', 'M4', 'K'),
('QL0815', 'M1', 'K'),
('QL0815', 'M2', 'K'),
('QL0815', 'M3', 'C'),
('QL0815', 'M4', 'K'),
('QL0816', 'M1', 'K'),
('QL0816', 'M2', 'K'),
('QL0816', 'M3', 'C'),
('QL0816', 'M4', 'K'),
('QL0817', 'M1', 'K'),
('QL0817', 'M2', 'K'),
('QL0817', 'M3', 'C'),
('QL0817', 'M4', 'K'),
('QL0818', 'M1', 'K'),
('QL0818', 'M2', 'K'),
('QL0818', 'M3', 'C'),
('QL0818', 'M4', 'K'),
('QL0819', 'M1', 'K'),
('QL0819', 'M2', 'K'),
('QL0819', 'M3', 'C'),
('QL0819', 'M4', 'K'),
('QL0820', 'M1', 'K'),
('QL0820', 'M2', 'K'),
('QL0820', 'M3', 'C'),
('QL0820', 'M4', 'K'),
('QL0822', 'M1', 'K'),
('QL0822', 'M2', 'K'),
('QL0822', 'M3', 'C'),
('QL0822', 'M4', 'K'),
('QL0823', 'M1', 'K'),
('QL0823', 'M2', 'K'),
('QL0823', 'M3', 'C'),
('QL0823', 'M4', 'K'),
('QL0824', 'M1', 'K'),
('QL0824', 'M2', 'K'),
('QL0824', 'M3', 'C'),
('QL0824', 'M4', 'K'),
('QL0825', 'M1', 'K'),
('QL0825', 'M2', 'K'),
('QL0825', 'M3', 'C'),
('QL0825', 'M4', 'K'),
('QL0826', 'M1', 'K'),
('QL0826', 'M2', 'K'),
('QL0826', 'M3', 'C'),
('QL0826', 'M4', 'K'),
('QL0827', 'M1', 'K'),
('QL0827', 'M2', 'K'),
('QL0827', 'M3', 'C'),
('QL0827', 'M4', 'K'),
('QL0828', 'M1', 'K'),
('QL0828', 'M2', 'K'),
('QL0828', 'M3', 'C'),
('QL0828', 'M4', 'K'),
('QL0829', 'M1', 'K'),
('QL0829', 'M2', 'K'),
('QL0829', 'M3', 'C'),
('QL0829', 'M4', 'K'),
('QL0830', 'M1', 'K'),
('QL0830', 'M2', 'K'),
('QL0830', 'M3', 'C'),
('QL0830', 'M4', 'K'),
('QL0831', 'M1', 'K'),
('QL0831', 'M2', 'K'),
('QL0831', 'M3', 'C'),
('QL0831', 'M4', 'K'),
('QL0832', 'M1', 'K'),
('QL0832', 'M2', 'K'),
('QL0832', 'M3', 'C'),
('QL0832', 'M4', 'K'),
('QL0833', 'M1', 'K'),
('QL0833', 'M2', 'K'),
('QL0833', 'M3', 'C'),
('QL0833', 'M4', 'K'),
('QL0834', 'M1', 'K'),
('QL0834', 'M2', 'K'),
('QL0834', 'M3', 'C'),
('QL0834', 'M4', 'K'),
('QL0835', 'M1', 'K'),
('QL0835', 'M2', 'K'),
('QL0835', 'M3', 'C'),
('QL0835', 'M4', 'K'),
('QL0836', 'M1', 'K'),
('QL0836', 'M2', 'K'),
('QL0836', 'M3', 'C'),
('QL0836', 'M4', 'K'),
('QL0837', 'M1', 'K'),
('QL0837', 'M2', 'K'),
('QL0837', 'M3', 'C'),
('QL0837', 'M4', 'K'),
('QL0838', 'M1', 'K'),
('QL0838', 'M2', 'K'),
('QL0838', 'M3', 'C'),
('QL0838', 'M4', 'K'),
('QL0839', 'M1', 'K'),
('QL0839', 'M2', 'K'),
('QL0839', 'M3', 'C'),
('QL0839', 'M4', 'K'),
('QL0840', 'M1', 'K'),
('QL0840', 'M2', 'K'),
('QL0840', 'M3', 'C'),
('QL0840', 'M4', 'K'),
('QL0841', 'M1', 'K'),
('QL0841', 'M2', 'K'),
('QL0841', 'M3', 'C'),
('QL0841', 'M4', 'K'),
('QL0842', 'M1', 'K'),
('QL0842', 'M2', 'K'),
('QL0842', 'M3', 'C'),
('QL0842', 'M4', 'K'),
('QL0843', 'M1', 'K'),
('QL0843', 'M2', 'K'),
('QL0843', 'M3', 'C'),
('QL0843', 'M4', 'K'),
('QL0844', 'M1', 'K'),
('QL0844', 'M2', 'K'),
('QL0844', 'M3', 'C'),
('QL0844', 'M4', 'K'),
('QL0845', 'M1', 'K'),
('QL0845', 'M2', 'K'),
('QL0845', 'M3', 'C'),
('QL0845', 'M4', 'K'),
('QL0846', 'M1', 'K'),
('QL0846', 'M2', 'K'),
('QL0846', 'M3', 'C'),
('QL0846', 'M4', 'K'),
('QL0847', 'M1', 'K'),
('QL0847', 'M2', 'K'),
('QL0847', 'M3', 'C'),
('QL0847', 'M4', 'K'),
('QL0848', 'M1', 'K'),
('QL0848', 'M2', 'K'),
('QL0848', 'M3', 'C'),
('QL0848', 'M4', 'K'),
('QL0849', 'M1', 'K'),
('QL0849', 'M2', 'K'),
('QL0849', 'M3', 'C'),
('QL0849', 'M4', 'K'),
('QL0850', 'M1', 'K'),
('QL0850', 'M2', 'K'),
('QL0850', 'M3', 'C'),
('QL0850', 'M4', 'K'),
('QL0851', 'M1', 'K'),
('QL0851', 'M2', 'K'),
('QL0851', 'M3', 'C'),
('QL0851', 'M4', 'K'),
('QL0852', 'M1', 'K'),
('QL0852', 'M2', 'K'),
('QL0852', 'M3', 'C'),
('QL0852', 'M4', 'K'),
('QL0853', 'M1', 'K'),
('QL0853', 'M2', 'K'),
('QL0853', 'M3', 'C'),
('QL0853', 'M4', 'K'),
('QL0854', 'M1', 'K'),
('QL0854', 'M2', 'K'),
('QL0854', 'M3', 'C'),
('QL0854', 'M4', 'K'),
('QL0855', 'M1', 'K'),
('QL0855', 'M2', 'K'),
('QL0855', 'M3', 'C'),
('QL0855', 'M4', 'K'),
('QL0856', 'M1', 'K'),
('QL0856', 'M2', 'K'),
('QL0856', 'M3', 'C'),
('QL0856', 'M4', 'K'),
('QL0857', 'M1', 'K'),
('QL0857', 'M2', 'K'),
('QL0857', 'M3', 'C'),
('QL0857', 'M4', 'K'),
('QL0858', 'M1', 'K'),
('QL0858', 'M2', 'K'),
('QL0858', 'M3', 'C'),
('QL0858', 'M4', 'K'),
('QL0859', 'M1', 'K'),
('QL0859', 'M2', 'K'),
('QL0859', 'M3', 'C'),
('QL0859', 'M4', 'K'),
('QL0860', 'M1', 'K'),
('QL0860', 'M2', 'K'),
('QL0860', 'M3', 'C'),
('QL0860', 'M4', 'K'),
('QL0861', 'M1', 'K'),
('QL0861', 'M2', 'K'),
('QL0861', 'M3', 'C'),
('QL0861', 'M4', 'K'),
('QL0862', 'M1', 'K'),
('QL0862', 'M2', 'K'),
('QL0862', 'M3', 'C'),
('QL0862', 'M4', 'K'),
('QL0863', 'M1', 'K'),
('QL0863', 'M2', 'K'),
('QL0863', 'M3', 'C'),
('QL0863', 'M4', 'K'),
('QL0864', 'M1', 'K'),
('QL0864', 'M2', 'K'),
('QL0864', 'M3', 'C'),
('QL0864', 'M4', 'K'),
('QL0865', 'M1', 'K'),
('QL0865', 'M2', 'K'),
('QL0865', 'M3', 'C'),
('QL0865', 'M4', 'K'),
('QL0866', 'M1', 'K'),
('QL0866', 'M2', 'K'),
('QL0866', 'M3', 'C'),
('QL0866', 'M4', 'K'),
('QL0867', 'M1', 'K'),
('QL0867', 'M2', 'K'),
('QL0867', 'M3', 'C'),
('QL0867', 'M4', 'K'),
('QL0868', 'M1', 'K'),
('QL0868', 'M2', 'K'),
('QL0868', 'M3', 'C'),
('QL0868', 'M4', 'K'),
('QL0869', 'M1', 'K'),
('QL0869', 'M2', 'K'),
('QL0869', 'M3', 'C'),
('QL0869', 'M4', 'K'),
('QL0870', 'M1', 'K'),
('QL0870', 'M2', 'K'),
('QL0870', 'M3', 'C'),
('QL0870', 'M4', 'K'),
('QL0871', 'M1', 'K'),
('QL0871', 'M2', 'K'),
('QL0871', 'M3', 'C'),
('QL0871', 'M4', 'K'),
('QL0872', 'M1', 'K'),
('QL0872', 'M2', 'K'),
('QL0872', 'M3', 'C'),
('QL0872', 'M4', 'K'),
('QL0873', 'M1', 'K'),
('QL0873', 'M2', 'K'),
('QL0873', 'M3', 'C'),
('QL0873', 'M4', 'K'),
('QL0874', 'M1', 'K'),
('QL0874', 'M2', 'K'),
('QL0874', 'M3', 'C'),
('QL0874', 'M4', 'K'),
('QL0875', 'M1', 'K'),
('QL0875', 'M2', 'K'),
('QL0875', 'M3', 'C'),
('QL0875', 'M4', 'K'),
('QL0876', 'M1', 'K'),
('QL0876', 'M2', 'K'),
('QL0876', 'M3', 'C'),
('QL0876', 'M4', 'K'),
('QL0877', 'M1', 'K'),
('QL0877', 'M2', 'K'),
('QL0877', 'M3', 'C'),
('QL0877', 'M4', 'K'),
('QL0878', 'M1', 'K'),
('QL0878', 'M2', 'K'),
('QL0878', 'M3', 'C'),
('QL0878', 'M4', 'K'),
('QL0879', 'M1', 'K'),
('QL0879', 'M2', 'K'),
('QL0879', 'M3', 'C'),
('QL0879', 'M4', 'K'),
('QL0880', 'M1', 'K'),
('QL0880', 'M2', 'K'),
('QL0880', 'M3', 'C'),
('QL0880', 'M4', 'K'),
('QL0881', 'M1', 'K'),
('QL0881', 'M2', 'K'),
('QL0881', 'M3', 'C'),
('QL0881', 'M4', 'K'),
('QL0882', 'M1', 'K'),
('QL0882', 'M2', 'K'),
('QL0882', 'M3', 'C'),
('QL0882', 'M4', 'K'),
('QL0883', 'M1', 'K'),
('QL0883', 'M2', 'K'),
('QL0883', 'M3', 'C'),
('QL0883', 'M4', 'K'),
('QL0884', 'M1', 'K'),
('QL0884', 'M2', 'K'),
('QL0884', 'M3', 'C'),
('QL0884', 'M4', 'K'),
('QL0885', 'M1', 'K'),
('QL0885', 'M2', 'K'),
('QL0885', 'M3', 'C'),
('QL0885', 'M4', 'K'),
('QL0886', 'M1', 'K'),
('QL0886', 'M2', 'K'),
('QL0886', 'M3', 'C'),
('QL0886', 'M4', 'K'),
('QL0887', 'M1', 'K'),
('QL0887', 'M2', 'K'),
('QL0887', 'M3', 'C'),
('QL0887', 'M4', 'K'),
('QL0888', 'M1', 'C'),
('QL0888', 'M2', 'K'),
('QL0888', 'M3', 'K'),
('QL0888', 'M4', 'K'),
('QL0889', 'M1', 'C'),
('QL0889', 'M2', 'K'),
('QL0889', 'M3', 'K'),
('QL0889', 'M4', 'K'),
('QL0890', 'M1', 'C'),
('QL0890', 'M2', 'K'),
('QL0890', 'M3', 'K'),
('QL0890', 'M4', 'K'),
('QL0891', 'M1', 'C'),
('QL0891', 'M2', 'K'),
('QL0891', 'M3', 'K'),
('QL0891', 'M4', 'K'),
('QL0901', 'M1', 'K'),
('QL0901', 'M2', 'C'),
('QL0901', 'M3', 'K'),
('QL0901', 'M4', 'K'),
('QL0902', 'M1', 'K'),
('QL0902', 'M2', 'K'),
('QL0902', 'M3', 'C'),
('QL0902', 'M4', 'K');

-- --------------------------------------------------------

--
-- Table structure for table `dethiprofile`
--

CREATE TABLE IF NOT EXISTS `dethiprofile` (
  `id` varchar(15) COLLATE utf8_unicode_ci NOT NULL,
  `cauhoi` varchar(20) COLLATE utf8_unicode_ci DEFAULT NULL,
  `pmucdo` tinyint(2) DEFAULT NULL,
  `soluong` tinyint(4) DEFAULT NULL,
  `mamodun` varchar(20) COLLATE utf8_unicode_ci NOT NULL
) ENGINE=InnoDB DEFAULT CHARSET=utf8 COLLATE=utf8_unicode_ci;

--
-- Dumping data for table `dethiprofile`
--

INSERT INTO `dethiprofile` (`id`, `cauhoi`, `pmucdo`, `soluong`, `mamodun`) VALUES
('M01-0', 'M01-N01', 0, 10, 'M2'),
('M01-1', 'M01-N01', 1, 0, 'M2'),
('M01-10', 'M01-N04', 1, 0, 'M2'),
('M01-11', 'M01-N04', 2, 0, 'M2'),
('M01-12', 'M01-N05', 0, 10, 'M2'),
('M01-13', 'M01-N05', 1, 0, 'M2'),
('M01-14', 'M01-N05', 2, 0, 'M2'),
('M01-15', 'M01-N06', 0, 10, 'M2'),
('M01-16', 'M01-N06', 1, 0, 'M2'),
('M01-17', 'M01-N06', 2, 0, 'M2'),
('M01-2', 'M01-N01', 2, 0, 'M2'),
('M01-3', 'M01-N02', 0, 10, 'M2'),
('M01-4', 'M01-N02', 1, 0, 'M2'),
('M01-5', 'M01-N02', 2, 0, 'M2'),
('M01-6', 'M01-N03', 0, 10, 'M2'),
('M01-7', 'M01-N03', 1, 0, 'M2'),
('M01-8', 'M01-N03', 2, 0, 'M2'),
('M01-9', 'M01-N04', 0, 10, 'M2'),
('M02-0', 'M02-N01', 0, 10, 'M1'),
('M02-1', 'M02-N01', 1, 0, 'M1'),
('M02-10', 'M02-N04', 1, 0, 'M1'),
('M02-11', 'M02-N04', 2, 0, 'M1'),
('M02-12', 'M02-N05', 0, 10, 'M1'),
('M02-13', 'M02-N05', 1, 0, 'M1'),
('M02-14', 'M02-N05', 2, 0, 'M1'),
('M02-15', 'M02-N06', 0, 10, 'M1'),
('M02-16', 'M02-N06', 1, 0, 'M1'),
('M02-17', 'M02-N06', 2, 0, 'M1'),
('M02-2', 'M02-N01', 2, 0, 'M1'),
('M02-3', 'M02-N02', 0, 10, 'M1'),
('M02-4', 'M02-N02', 1, 0, 'M1'),
('M02-5', 'M02-N02', 2, 0, 'M1'),
('M02-6', 'M02-N03', 0, 10, 'M1'),
('M02-7', 'M02-N03', 1, 0, 'M1'),
('M02-8', 'M02-N03', 2, 0, 'M1'),
('M02-9', 'M02-N04', 0, 10, 'M1'),
('M03-0', 'M03-N01', 0, 10, 'M4'),
('M03-1', 'M03-N01', 1, 0, 'M4'),
('M03-10', 'M03-N04', 1, 0, 'M4'),
('M03-11', 'M03-N04', 2, 0, 'M4'),
('M03-12', 'M03-N05', 0, 10, 'M4'),
('M03-13', 'M03-N05', 1, 0, 'M4'),
('M03-14', 'M03-N05', 2, 0, 'M4'),
('M03-2', 'M03-N01', 2, 0, 'M4'),
('M03-3', 'M03-N02', 0, 20, 'M4'),
('M03-4', 'M03-N02', 1, 0, 'M4'),
('M03-5', 'M03-N02', 2, 0, 'M4'),
('M03-6', 'M03-N03', 0, 10, 'M4'),
('M03-7', 'M03-N03', 1, 0, 'M4'),
('M03-8', 'M03-N03', 2, 0, 'M4'),
('M03-9', 'M03-N04', 0, 10, 'M4'),
('M04-0', 'M04-N01', 0, 10, 'M3'),
('M04-1', 'M04-N01', 1, 0, 'M3'),
('M04-10', 'M04-N04', 1, 0, 'M3'),
('M04-11', 'M04-N04', 2, 0, 'M3'),
('M04-12', 'M04-N05', 0, 10, 'M3'),
('M04-13', 'M04-N05', 1, 0, 'M3'),
('M04-14', 'M04-N05', 2, 0, 'M3'),
('M04-2', 'M04-N01', 2, 0, 'M3'),
('M04-3', 'M04-N02', 0, 20, 'M3'),
('M04-4', 'M04-N02', 1, 0, 'M3'),
('M04-5', 'M04-N02', 2, 0, 'M3'),
('M04-6', 'M04-N03', 0, 10, 'M3'),
('M04-7', 'M04-N03', 1, 0, 'M3'),
('M04-8', 'M04-N03', 2, 0, 'M3'),
('M04-9', 'M04-N04', 0, 10, 'M3');

-- --------------------------------------------------------

--
-- Table structure for table `dethisinh`
--

CREATE TABLE IF NOT EXISTS `dethisinh` (
  `sbd` varchar(20) COLLATE utf8_unicode_ci NOT NULL,
  `macauhoi` varchar(20) COLLATE utf8_unicode_ci NOT NULL,
  `socau` smallint(6) DEFAULT NULL,
  `dapan` varchar(1) COLLATE utf8_unicode_ci DEFAULT NULL,
  `dapanA` varchar(2000) COLLATE utf8_unicode_ci DEFAULT NULL,
  `dapanB` varchar(2000) COLLATE utf8_unicode_ci DEFAULT NULL,
  `dapanC` varchar(2000) COLLATE utf8_unicode_ci DEFAULT NULL,
  `dapanD` varchar(2000) COLLATE utf8_unicode_ci DEFAULT NULL,
  `dapanE` varchar(2000) COLLATE utf8_unicode_ci DEFAULT NULL,
  `dapanF` varchar(2000) COLLATE utf8_unicode_ci DEFAULT NULL,
  `imgviaupaA` varchar(70) COLLATE utf8_unicode_ci DEFAULT NULL,
  `imgviaupaB` varchar(70) CHARACTER SET utf8mb4 COLLATE utf8mb4_unicode_ci DEFAULT NULL,
  `imgviaupaC` varchar(70) COLLATE utf8_unicode_ci DEFAULT NULL,
  `imgviaupaD` varchar(70) COLLATE utf8_unicode_ci DEFAULT NULL,
  `imgviaupaE` varchar(70) COLLATE utf8_unicode_ci DEFAULT NULL,
  `imgviaupaF` varchar(70) COLLATE utf8_unicode_ci DEFAULT NULL,
  `temp` varchar(2) COLLATE utf8_unicode_ci DEFAULT NULL,
  `mamodun` varchar(20) COLLATE utf8_unicode_ci NOT NULL
) ENGINE=InnoDB DEFAULT CHARSET=utf8 COLLATE=utf8_unicode_ci;

-- --------------------------------------------------------

--
-- Table structure for table `dethisinhthu`
--

CREATE TABLE IF NOT EXISTS `dethisinhthu` (
  `id` int(11) NOT NULL,
  `sbd` varchar(30) COLLATE utf8_unicode_ci NOT NULL,
  `macauhoi` varchar(30) COLLATE utf8_unicode_ci DEFAULT NULL,
  `tencauhoi` varchar(3000) COLLATE utf8_unicode_ci DEFAULT NULL,
  `socau` smallint(6) DEFAULT NULL,
  `dapan` varchar(1) COLLATE utf8_unicode_ci DEFAULT NULL,
  `dapanA` varchar(2000) COLLATE utf8_unicode_ci DEFAULT NULL,
  `dapanB` varchar(2000) COLLATE utf8_unicode_ci DEFAULT NULL,
  `dapanC` varchar(2000) COLLATE utf8_unicode_ci DEFAULT NULL,
  `dapanD` varchar(2000) COLLATE utf8_unicode_ci DEFAULT NULL,
  `dapanE` varchar(2000) COLLATE utf8_unicode_ci DEFAULT NULL,
  `dapanF` varchar(2000) COLLATE utf8_unicode_ci DEFAULT NULL,
  `imgviaupaA` varchar(70) COLLATE utf8_unicode_ci DEFAULT NULL,
  `imgviaupaB` varchar(70) COLLATE utf8_unicode_ci DEFAULT NULL,
  `imgviaupaC` varchar(70) COLLATE utf8_unicode_ci DEFAULT NULL,
  `imgviaupaD` varchar(70) COLLATE utf8_unicode_ci DEFAULT NULL,
  `imgviaupaE` varchar(70) COLLATE utf8_unicode_ci DEFAULT NULL,
  `imgviaupaF` varchar(70) COLLATE utf8_unicode_ci DEFAULT NULL,
  `temp` varchar(2) COLLATE utf8_unicode_ci DEFAULT NULL
) ENGINE=InnoDB AUTO_INCREMENT=61 DEFAULT CHARSET=utf8 COLLATE=utf8_unicode_ci;

--
-- Dumping data for table `dethisinhthu`
--

INSERT INTO `dethisinhthu` (`id`, `sbd`, `macauhoi`, `tencauhoi`, `socau`, `dapan`, `dapanA`, `dapanB`, `dapanC`, `dapanD`, `dapanE`, `dapanF`, `imgviaupaA`, `imgviaupaB`, `imgviaupaC`, `imgviaupaD`, `imgviaupaE`, `imgviaupaF`, `temp`) VALUES
(1, 'QLthithu', 'A0-001', 'Phần cứng máy tính là gì?', 1, 'A', 'Các bộ phận cụ thể của máy tính về mặt vật lý như màn hình, chuột, bàn phím,...', 'Cấu tạo của phần mềm về mặt logic', 'Cấu tạo của phần mềm về mặt vật lý', 'Cả 3 phương án đều sai', '', '', NULL, NULL, NULL, NULL, NULL, NULL, NULL),
(2, 'QLthithu', 'A0-002', 'Lựa chọn nào cho thấy máy tính xách tay có lợi thế hơn so với máy tính để bàn?', 2, 'A', 'Máy tính xách tay có thể mang đi bất kì đâu', 'Một máy tính xách tay có thể tái sử dụng các thành phần của nó có thể được sử dụng cho máy tính xách tay khác', 'Sửa máy tính xách tay ít tốn kém hơn', 'Máy tính xách tay thường có kích thước lớn hơn máy tính để bàn', '', '', NULL, NULL, NULL, NULL, NULL, NULL, NULL),
(3, 'QLthithu', 'A0-003', 'Một loại máy tính có màn hình cảm ứng, khi sử dụng người dùng có thể dùng bút hoặc công cụ chọn để chạm vào, lựa chọn một đối tượng nào đó hoặc có thể nhập thông tin qua bàn phím ảo tích hợp trong máy là?', 3, 'A', 'Máy tính bảng', 'Máy chủ', 'Máy tính để bàn', 'Máy tính FX500', '', '', NULL, NULL, NULL, NULL, NULL, NULL, NULL),
(4, 'QLthithu', 'A0-004', 'Điện thoại thông minh (smartphone) là gì?', 4, 'A', 'Điện thoại tích hợp một nền tảng hệ điều hành di động với nhiều tính năng hỗ trợ tiên tiến', 'Hỗ trợ tất cả các kiểu hệ điều hành', 'Bền hơn so với điện thoại di động khác', 'Điện thoại chỉ có chức năng nghe và gọi', '', '', NULL, NULL, NULL, NULL, NULL, NULL, NULL),
(5, 'QLthithu', 'A0-005', 'Thiết bị ngoại vi của máy tính là thiết bị nào?', 5, 'A', 'Máy in', 'Máy nghe nhạc Mp3', 'Máy tính bảng', 'Sách điện tử', '', '', NULL, NULL, NULL, NULL, NULL, NULL, NULL),
(6, 'QLthithu', 'A0-006', 'Thuật ngữ “RAM” là từ viết tắt của cụm từ?', 6, 'A', 'Random Access Memory', 'Read Access Memory', 'Recent Access Memory', 'Read And Modify', '', '', NULL, NULL, NULL, NULL, NULL, NULL, NULL),
(7, 'QLthithu', 'A0-007', 'ROM là bộ nhớ gì?', 7, 'A', 'Bộ nhớ chỉ đọc', 'Bộ nhớ tạm thời', 'Bộ nhớ đọc, ghi', 'Bộ nhớ ngoài', '', '', NULL, NULL, NULL, NULL, NULL, NULL, NULL),
(8, 'QLthithu', 'A0-008', 'CPU là gì?', 8, 'A', 'Bộ xử lý trung tâm của máy tính', 'Thiết bị lưu trữ của máy tính', 'Thiết bị nhập liệu của máy tính', 'Thiết bị hiển thị của máy tính', '', '', NULL, NULL, NULL, NULL, NULL, NULL, NULL),
(9, 'QLthithu', 'A0-009', 'MB (Megabyte) là đơn vị đo gì?', 9, 'A', 'Đo dung lượng của thiết bị lưu trữ như đĩa cứng', 'Đo tốc độ mạng', 'Đo tốc độ của nguồn máy tính', 'Độ phân giải màn hình', '', '', NULL, NULL, NULL, NULL, NULL, NULL, NULL),
(10, 'QLthithu', 'A0-010', 'Trong máy tính, PC là chữ viết tắt của từ nào?', 10, 'A', 'Personal Computer', 'Performance Computer', 'Personnal Connector', 'Printing Computer', '', '', NULL, NULL, NULL, NULL, NULL, NULL, NULL),
(11, 'QLthithu', 'A0-011', 'Các thiết bị dùng để nhập dữ liệu vào máy tính là?', 11, 'A', 'Bàn phím, máy ghi hình trực tiếp, chuột, máy quét', 'Loa máy tính', 'Máy fax', 'Máy in', '', '', NULL, NULL, NULL, NULL, NULL, NULL, NULL),
(12, 'QLthithu', 'A0-012', 'CPU làm những công việc chủ yếu nào?', 12, 'A', 'Xử lý dữ liệu', 'Lưu trữ dữ liệu', 'Nhập dữ liệu', 'Xuất dữ liệu', '', '', NULL, NULL, NULL, NULL, NULL, NULL, NULL),
(13, 'QLthithu', 'A0-013', 'Kể tên các loại bộ nhớ trong?', 13, 'A', 'Bộ nhớ truy cập ngẫu nhiên (RAM) và bộ nhớ chỉ đọc (ROM)', 'Bộ nhớ truy cập ngẫu nhiên (RAM)', 'Bộ nhớ chỉ đọc (ROM)', 'Đĩa cứng (Hard disk)', '', '', NULL, NULL, NULL, NULL, NULL, NULL, NULL),
(14, 'QLthithu', 'A0-014', 'Các thiết bị nào có thể thiếu trong một bộ máy tính?', 14, 'A', 'Ổ đĩa mềm', 'Bộ nguồn', 'Bộ nhớ RAM', 'Màn hình', '', '', NULL, NULL, NULL, NULL, NULL, NULL, NULL),
(15, 'QLthithu', 'A0-015', 'Đâu là thiết bị lưu trữ dữ liệu?', 15, 'A', 'USB', 'Máy in', 'Webcam', 'Cần điểu khiển', '', '', NULL, NULL, NULL, NULL, NULL, NULL, NULL),
(16, 'QLthithu', 'A0-016', 'Hãy chỉ ra đâu là thiết bị nhập?', 16, 'A', 'Máy quét', 'Máy in', 'Loa', 'Màn hình', '', '', NULL, NULL, NULL, NULL, NULL, NULL, NULL),
(17, 'QLthithu', 'A0-017', 'Thiết bị nào thực hiện thao tác nhập dữ liệu trong số các thiết bị sau: Máy in, máy vẽ, bàn phím, ổ đĩa cứng, ổ đĩa mềm, chuột, loa, máy quét?', 17, 'A', 'Bàn phím, chuột, máy quét', 'Máy in, máy quét, chuột', 'Máy vẽ, ổ đĩa cứng, ổ đĩa mềm, bàn phím', 'Máy quét, Loa, chuột', '', '', NULL, NULL, NULL, NULL, NULL, NULL, NULL),
(18, 'QLthithu', 'A0-018', 'Máy điện tử dùng để thu và lưu giữ hình ảnh một cách tự động thay vì phải dùng phim ảnh là máy gì?', 18, 'A', 'Máy ảnh kỹ thuật số', 'Máy ảnh thường', 'Webcam', 'Máy quét ảnh', '', '', NULL, NULL, NULL, NULL, NULL, NULL, NULL),
(19, 'QLthithu', 'A0-019', 'Thiết bị nào thực hiện thao tác xuất ra dữ liệu trong số các thiết bị sau: Màn hình, máy in, bàn phím, máy chiếu, ổ đĩa mềm, chuột, loa, máy quét?', 19, 'A', 'Màn hình, Máy in, máy chiếu, loa', 'Bàn phím, chuột, máy quét, máy in', 'Máy in, màn hình, máy quét, chuột', 'Màn hình, ổ đĩa cứng, ổ đĩa mềm, bàn phím', '', '', NULL, NULL, NULL, NULL, NULL, NULL, NULL),
(20, 'QLthithu', 'A0-020', 'Đâu là một ví dụ về phần mềm hệ thống?', 20, 'A', 'Hệ điều hành', 'Đĩa mềm', 'Đĩa CD', 'Bàn phím', '', '', NULL, NULL, NULL, NULL, NULL, NULL, NULL),
(21, 'QLthithu', 'A0-021', 'Hệ thống nào là tập hợp các chương trình phần mềm chạy trên máy tính, dùng để điều hành, quản lý các thiết bị phần cứng và tài nguyên phần mềm trên máy tính?', 21, 'A', 'Hệ điều hành', 'Phần mềm ứng dụng', 'Phần cứng', 'Các loại trình dịch trung gian', '', '', NULL, NULL, NULL, NULL, NULL, NULL, NULL),
(22, 'QLthithu', 'A0-022', 'Phần mềm nào dưới đây được cài đặt đầu tiên trong máy tính?', 22, 'A', 'MS Windows', 'Ms Office', 'FireFox', 'Norton Antivirus', '', '', NULL, NULL, NULL, NULL, NULL, NULL, NULL),
(23, 'QLthithu', 'A0-023', 'Hãy kể tên một số hệ điều hành?', 23, 'A', 'Linux, Windows, Mac OS', 'Linux, Turbo', 'Windows, Max', 'Mac OS, Opera', '', '', NULL, NULL, NULL, NULL, NULL, NULL, NULL),
(24, 'QLthithu', 'A0-024', 'Hãy chọn phương án đúng để điền vào dấu 3 chấm: &quot;... là một cấu trúc bao gồm tập hợp các thao tác và các kết quả tương quan sử dụng trong việc phát triển để sản xuất ra một sản phẩm phần mềm&quot;', 24, 'A', 'Quy trình phát triển phần mềm', 'Quy trình hoạt động của máy tính', 'Quy trình sản xuất máy tính', 'Quy trình lắp ráp máy tính', '', '', NULL, NULL, NULL, NULL, NULL, NULL, NULL),
(25, 'QLthithu', 'A0-025', 'Phần mềm nào sau đây không phải là phần mềm mã nguồn mở?', 25, 'A', 'Microsoft Office', 'Ubuntu', 'Open Office', 'Mozilla Firefox', '', '', NULL, NULL, NULL, NULL, NULL, NULL, NULL),
(26, 'QLthithu', 'A0-026', 'Phát biểu nào sau đây là đúng?', 26, 'A', 'Phần mềm mã nguồn mở không có bảo hành', 'Phần mềm mã nguồn mở gây hại cho người sử dụng', 'Phần mềm mã nguồn mở không cho phép phân phối lại', 'Phần mềm mã nguồn mở không có bản quyền', '', '', NULL, NULL, NULL, NULL, NULL, NULL, NULL),
(27, 'QLthithu', 'A0-027', 'Thiết bị nào quyết định khả năng làm việc của máy tính?', 27, 'A', 'CPU', 'Chuột', 'Bàn phím', 'Máy in', '', '', NULL, NULL, NULL, NULL, NULL, NULL, NULL),
(28, 'QLthithu', 'A0-028', 'Tốc độ của máy tính phụ thuộc vào các yếu tố nào sau đây?', 28, 'A', 'Tất cả các đáp án đều đúng', 'Tốc độ của bộ vi xử lý. Tốc độ, dung lượng và không gian trống của ổ cứng', 'Dung lượng bộ nhớ truy cập ngẫu nhiên RAM', 'Hệ điều hành và quá trình tiến hành gom các tệp tin đã bị phân mảnh theo định kỳ', '', '', NULL, NULL, NULL, NULL, NULL, NULL, NULL),
(29, 'QLthithu', 'A0-029', 'Hành động nào nên thực hiện để tăng hiệu năng của máy tính?', 29, 'A', 'Loại bỏ các chương trình không bao giờ dùng và đóng bớt các ứng dụng cùng chạy tại một thời điểm', 'Thường xuyên khôi phục các tệp tin từ thùng rác', 'Luôn giữ các chương trình của nhà sản xuất trên máy tính', 'Chạy nhiều chương trình quét virus để tăng độ bảo vệ', '', '', NULL, NULL, NULL, NULL, NULL, NULL, NULL),
(30, 'QLthithu', 'A0-030', 'Những thiết bị nào sau đây được xếp vào nhóm thiết bị ngoại vi?', 30, 'A', 'Bàn phím, chuột, màn hình, máy in', 'Mainboard, CPU, CD-ROM Drive, Chuột', 'HDD, CD- ROM Drive, FDD, bàn phím', 'Màn hình, CPU, RAM, Main', '', '', NULL, NULL, NULL, NULL, NULL, NULL, NULL),
(31, 'QLthithu', 'A0-031', 'Các thành phần: RAM, CPU, thiết bị nhập xuất là?', 31, 'A', 'Phần cứng máy tính', 'Phần mềm máy tính', 'Thiết bị lưu trữ', 'Thiết bị mạng và truyền thông', '', '', NULL, NULL, NULL, NULL, NULL, NULL, NULL),
(32, 'QLthithu', 'A0-032', 'Cấu trúc chung của máy tính gồm có những khối chức năng nào?', 32, 'A', 'Bộ xử lý trung tâm, bộ nhớ, thiết bị nhập/xuất', 'Bộ xử lý trung tâm, bộ nhớ', 'Bộ nhớ, thiết bị nhập/xuất, màn hình', 'Bộ xử lý trung tâm, bộ nhớ, thiết bị nhập', '', '', NULL, NULL, NULL, NULL, NULL, NULL, NULL),
(33, 'QLthithu', 'A0-033', 'Các thành phần cơ bản của 1 máy tính?', 33, 'A', 'CPU, các thiết bị lưu trữ, bộ nhớ, các thiết bị nhập và các thiết bị xuất dữ liệu', 'CPU, các thiết bị lưu trữ, bộ nhớ', 'CPU, bộ nhớ, các thiết bị nhập dữ liệu', 'Bộ nhớ, các thiết bị nhập, thiết bị xuất dữ liệu và con người', '', '', NULL, NULL, NULL, NULL, NULL, NULL, NULL),
(34, 'QLthithu', 'A0-034', 'Phát biểu nào là đúng khi nói đến bộ nhớ RAM và ROM??', 34, 'A', 'Bộ nhớ RAM là bộ nhớ đọc và ghi, trong khi ROM là bộ nhớ chỉ đọc', 'Bộ nhớ ROM thường được dùng bởi các chương trình ứng dụng để lưu trữ tạm thời. Bộ nhớ RAM được dùng để lưu các file dữ liệu', 'Bộ nhớ RAM không bị xoá khi máy tính đã tắt. Bộ nhớ ROM bị xoá khi máy tính tắt', 'RAM và ROM là hai bộ nhớ truy cập ngẫu nhiên', '', '', NULL, NULL, NULL, NULL, NULL, NULL, NULL),
(35, 'QLthithu', 'A0-035', 'Khi đọc các thông số cấu hình của một máy tính thông thường: 2GHZ-320GB-4.00GB, con số 4.00GB chỉ điều gì?', 35, 'A', 'Chỉ dung lượng bộ nhớ truy cập ngẫu nhiên RAM', 'Chỉ tốc độ của bộ vi xử lý', 'Chỉ dung lượng của đĩa cứng', 'Chỉ dung lượng của bộ nhớ chỉ đọc ROM', '', '', NULL, NULL, NULL, NULL, NULL, NULL, NULL),
(36, 'QLthithu', 'A0-036', 'Thành phần nào của máy tính có thể ngăn máy tính khởi động, nếu nó bị hư hỏng hoặc kết nối không đúng cách?', 36, 'A', 'Ổ đĩa cứng', 'Chuột', 'Bàn phím', 'Máy in', '', '', NULL, NULL, NULL, NULL, NULL, NULL, NULL),
(37, 'QLthithu', 'A0-037', 'Nhóm nào sau đây bao gồm các thiết bị được xếp vào cùng loại?', 37, 'A', 'Đĩa cứng trong, đĩa cứng ngoài, các loại đĩa quang (CD, DVD), thẻ nhớ, ổ nhớ di động', 'Đĩa cứng trong, máy in, các loại đĩa quang (CD, DVD), thẻ nhớ, ổ nhớ di động', 'Đĩa cứng trong, đĩa cứng ngoài, USB, thẻ nhớ, máy scan, ổ nhớ di động', 'Máy in, máy scan, màn hình, loa', '', '', NULL, NULL, NULL, NULL, NULL, NULL, NULL),
(38, 'QLthithu', 'A0-038', 'Máy Scanner được kết nối với máy tính thông qua cổng nào sau đây?', 38, 'A', 'USB', 'RJ 45', 'Jack 3.5', 'RJ 11', '', '', NULL, NULL, NULL, NULL, NULL, NULL, NULL),
(39, 'QLthithu', 'A0-039', 'Máy in và máy quét, thiết bị nào là thiết bị nhập thông tin vào máy tính?', 39, 'A', 'Máy quét', 'Máy in', 'Cả hai', 'Không cái nào', '', '', NULL, NULL, NULL, NULL, NULL, NULL, NULL),
(40, 'QLthithu', 'A0-040', 'Thiết bị nào không thể thiếu trong một bộ máy tính?', 40, 'A', 'CPU', 'Ổ đĩa mềm', 'Ổ đĩa CD', 'Máy in', '', '', NULL, NULL, NULL, NULL, NULL, NULL, NULL),
(41, 'QLthithu', 'A0-041', 'Các thiết bị: chuột, bàn phím, máy quét, thuộc khối chức năng nào?', 41, 'A', 'Thiết bị nhập', 'Thiết bị xuất', 'Khối xử lý', 'Các thiết bị lưu trữ', '', '', NULL, NULL, NULL, NULL, NULL, NULL, NULL),
(42, 'QLthithu', 'A0-042', 'Hãy chọn nhóm có thiết bị không cùng nhóm với những thiết bị còn lại?', 42, 'A', 'Bàn phím, chuột, máy scan, máy quét', 'Bàn phím, chuột, máy quét, máy in, máy chiếu, ổ cứng SSD', 'Máy scan, máy tính bảng, ổ đĩa mềm (FDD)', 'Màn hình, máy in, máy chủ, điện thoại thông minh', '', '', NULL, NULL, NULL, NULL, NULL, NULL, NULL),
(43, 'QLthithu', 'A0-043', 'Thiết bị xuất để đưa ra kết quả đã xử lý cho người sử dụng. Các thiết bị xuất thông dụng hiện nay là?', 43, 'A', 'Màn hình,  máy in, loa, tai nghe', 'Màn hình, ổ cứng', 'Máy in, ổ mềm', 'Màn hình, ổ mềm', '', '', NULL, NULL, NULL, NULL, NULL, NULL, NULL),
(44, 'QLthithu', 'A0-044', 'Các thiết bị: màn hình, loa, máy in, thuộc khối chức năng nào?', 44, 'A', 'Thiết bị xuất', 'Thiết bị nhập', 'Khối xử lý', 'Các thiết bị lưu trữ', '', '', NULL, NULL, NULL, NULL, NULL, NULL, NULL),
(45, 'QLthithu', 'A0-045', 'Hãy chọn nhóm có thiết bị không cùng nhóm với những thiết bị còn lại?', 45, 'A', 'Màn hình, máy in, loa', 'Màn hình, máy in, bàn phím', 'Máy in, bàn phím, chuột', 'Máy in, máy scan, usb', '', '', NULL, NULL, NULL, NULL, NULL, NULL, NULL),
(46, 'QLthithu', 'A0-046', 'Phát biểu nào sau đây là đúng?', 46, 'A', 'Phần mềm là một tập hợp những câu lệnh được viết bằng một hoặc nhiều ngôn ngữ lập trình, và các dữ liệu hay tài liệu liên quan nhằm tự động thực hiện một số nhiệm vụ hay chức năng', 'Phần mềm là tập hợp của các thiết bị nhập như máy scan, bàn phím, chuột,…', 'Phần mềm là tập hợp của các thiết bị xuất như màn hình, máy ín, máy chiếu,…', 'Phần mềm là tập hợp của các thiết bị lưu trữ như ổ cứng, đĩa mềm, USB,…', '', '', NULL, NULL, NULL, NULL, NULL, NULL, NULL),
(47, 'QLthithu', 'A0-047', 'Chương trình điều khiển thiết bị trong các đĩa CD kèm theo khi gắn thêm thiết bị ngoại vi cho máy tính thường gọi là gì?', 47, 'A', 'Driver', 'IOS', 'RAM', 'ROM', '', '', NULL, NULL, NULL, NULL, NULL, NULL, NULL),
(48, 'QLthithu', 'A0-048', 'Phát biểu nào sau đây là đúng?', 48, 'A', 'Phần mềm ứng dụng cần hệ điều hành để chạy', 'Phần mềm ứng dụng không cần hệ điều hành để chạy', 'Hệ điều hành cần phần mềm ứng dụng để chạy', 'Máy tính không cần hệ điều hành để chạy', '', '', NULL, NULL, NULL, NULL, NULL, NULL, NULL),
(49, 'QLthithu', 'A0-049', 'Hệ điều hành là?', 49, 'A', 'Phần mềm quản lý và phân phối tài nguyên máy tính phục vụ cho các ứng dụng', 'Trình duyệt web', 'Phần mềm tìm kiếm thông tin', 'Phần mềm văn phòng', '', '', NULL, NULL, NULL, NULL, NULL, NULL, NULL),
(50, 'QLthithu', 'A0-050', 'Kỹ thuật dùng để kết nối mạng cho nhiều máy tính với nhau trong phạm vi một văn phòng gọi là?', 50, 'A', 'LAN', 'WAN', 'MAN', 'Internet', '', '', NULL, NULL, NULL, NULL, NULL, NULL, NULL),
(51, 'QLthithu', 'A0-051', 'Lệnh Start/Shut down dùng để làm gì?', 51, 'A', 'Tắt máy tính', 'Khởi động lại máy tính', 'Tắt màn hình', 'Chuyển sang chế độ tiết kiệm điện', '', '', NULL, NULL, NULL, NULL, NULL, NULL, NULL),
(52, 'QLthithu', 'A0-052', 'Khi khởi động máy tính, phần mềm nào sau đây sẽ được thực hiện trước?', 52, 'A', 'Hệ điều hành', 'Phần mềm gõ tiếng Việt', 'Phần mềm Micrsoft Office', 'Chương trình diệt virus máy tính', '', '', NULL, NULL, NULL, NULL, NULL, NULL, NULL),
(53, 'QLthithu', 'A0-053', 'Để tắt máy tính đúng cách ta chọn?', 53, 'A', 'Nhấn nút Start ở góc dưới bên trái màn hình nền, chọn mục Shutdown', 'Tắt nguồn điện', 'Bấm nút Power trên hộp máy', 'Bấm nút Reset trên hộp máy', '', '', NULL, NULL, NULL, NULL, NULL, NULL, NULL),
(54, 'QLthithu', 'A0-054', 'Trong hệ điều hành Windows 7, khi người dùng muốn rời khỏi máy tính, có thể dùng cách nào sau đây để khóa máy tính tạm thời?', 54, 'A', 'Bấm tổ hợp phím Window+L', 'Bấm Ctrl + L, chọn Lock Computer', 'Bấm Alt + L, chọn Lock Computer', 'Nhấn nút Power', '', '', NULL, NULL, NULL, NULL, NULL, NULL, NULL),
(55, 'QLthithu', 'A0-055', 'Lựa chọn nào sau đây trong Windows 7 cho phép tắt máy tính và lưu trữ thông tin, trạng thái các chương trình đang hoạt động trong bộ nhớ vào ổ đĩa cứng và có thể cho phép người dùng tiếp tục sử dụng chỉ cần nhấn phím bất kỳ?', 55, 'A', 'Kích Start, chọn Shutdown/Hibernate', 'Kích Start, chọn Shutdown/Standby', 'Kích Start, chọn Shutdown/Log off', 'Nhấn tổ hợp phím Ctrl + Alt + Delete', '', '', NULL, NULL, NULL, NULL, NULL, NULL, NULL),
(56, 'QLthithu', 'A0-056', 'Phím, tổ hợp phím dùng để chụp cửa sổ hiện hành?', 56, 'A', 'Alt+Print Screen (hoặc Alt + PrtSc)', 'Ctrl+Print Screen', 'Print Screen', 'Shift+ Print Screen', '', '', NULL, NULL, NULL, NULL, NULL, NULL, NULL),
(57, 'QLthithu', 'A0-057', 'Phím tắt nào dùng để đóng cửa sổ hiện hành?', 57, 'A', 'Alt+F4', 'F1', 'Tab+F9', 'F7', '', '', NULL, NULL, NULL, NULL, NULL, NULL, NULL),
(58, 'QLthithu', 'A0-058', 'Phím tắt nào sao chép một đối tượng vào ClipBoard?', 58, 'A', 'Ctrl+C', 'Ctrl+X', 'Ctrl+V', 'Ctrl+Z', '', '', NULL, NULL, NULL, NULL, NULL, NULL, NULL),
(59, 'QLthithu', 'A0-059', 'Phím tắt để cắt một đối tượng vào ClipBoard là gì?', 59, 'A', 'Ctrl+X', 'Ctrl+M', 'Ctrl+V', 'Ctrl+Z', '', '', NULL, NULL, NULL, NULL, NULL, NULL, NULL),
(60, 'QLthithu', 'A0-060', 'Phím tắt được sử dụng để hiển thị thực đơn Start?', 60, 'A', 'Ctrl+Esc', 'Alt+F4', 'Alt+Tab', 'Ctrl+Tab', '', '', NULL, NULL, NULL, NULL, NULL, NULL, NULL);

-- --------------------------------------------------------

--
-- Table structure for table `diem`
--

CREATE TABLE IF NOT EXISTS `diem` (
  `sbd` varchar(20) COLLATE utf8_unicode_ci NOT NULL,
  `mamodun` varchar(20) COLLATE utf8_unicode_ci NOT NULL,
  `diem` float DEFAULT NULL,
  `socaudung` tinyint(4) DEFAULT NULL,
  `thoigianthi` timestamp NULL DEFAULT NULL,
  `timeconlai` int(11) DEFAULT NULL,
  `thoigianketthuc` timestamp NULL DEFAULT NULL
) ENGINE=InnoDB DEFAULT CHARSET=utf8 COLLATE=utf8_unicode_ci;

-- --------------------------------------------------------

--
-- Table structure for table `errors`
--

CREATE TABLE IF NOT EXISTS `errors` (
  `id` int(11) NOT NULL,
  `content` varchar(1000) COLLATE utf8_unicode_ci DEFAULT NULL
) ENGINE=InnoDB AUTO_INCREMENT=2 DEFAULT CHARSET=utf8 COLLATE=utf8_unicode_ci;

--
-- Dumping data for table `errors`
--

INSERT INTO `errors` (`id`, `content`) VALUES
(1, '');

-- --------------------------------------------------------

--
-- Table structure for table `hocvien`
--

CREATE TABLE IF NOT EXISTS `hocvien` (
  `sbd` varchar(20) COLLATE utf8_unicode_ci NOT NULL,
  `hoten` varchar(80) COLLATE utf8_unicode_ci DEFAULT NULL,
  `ngaysinh` varchar(20) COLLATE utf8_unicode_ci DEFAULT NULL,
  `noisinh` varchar(300) COLLATE utf8_unicode_ci DEFAULT NULL,
  `tendv` varchar(200) COLLATE utf8_unicode_ci DEFAULT NULL,
  `matkhau` varchar(40) COLLATE utf8_unicode_ci NOT NULL,
  `profile` varchar(200) COLLATE utf8_unicode_ci DEFAULT NULL,
  `mapt` varchar(200) COLLATE utf8_unicode_ci NOT NULL
) ENGINE=InnoDB DEFAULT CHARSET=utf8 COLLATE=utf8_unicode_ci;

--
-- Dumping data for table `hocvien`
--

INSERT INTO `hocvien` (`sbd`, `hoten`, `ngaysinh`, `noisinh`, `tendv`, `matkhau`, `profile`, `mapt`) VALUES
('QL0475', 'Trần Thanh An', '26/06/1985', '', 'Bà Rịa Vũng Tàu', '79e11a58fb77547871ff53135e1b1adf', NULL, 'NLQL-CA1-P01'),
('QL0476', 'Hoàng Thị Hoài An', '30/11/1979', '', 'Khánh Hòa', '619772a4f6cd05c20c59c35cfdab0b05', NULL, 'NLQL-CA1-P01'),
('QL0477', 'Đặng Nguyên Kim An', '24-01-1989', '', 'Thủ Dầu Một', 'b9e879d24b69b30def3df395a5b8f5a9', NULL, 'NLQL-CA1-P01'),
('QL0478', 'Trương Huỳnh Anh', '24/10/1985', '', 'Bà Rịa', 'e359d8cfb0b84943a18258d72813404b', NULL, 'NLQL-CA1-P01'),
('QL0479', 'Võ Thị Kim Anh', '02/03/1985', '', 'Bắc Đắk Lắk', '630a7f955adbc97fc6969f3810b0371f', NULL, 'NLQL-CA1-P01'),
('QL0480', 'Phạm Thị Lan Anh', '28/10/1987', '', 'Nam Đồng Nai', 'fa1e58279ee1282589c2959fd70f2f29', NULL, 'NLQL-CA1-P01'),
('QL0481', 'Trần Hòa Bình', '16/11/1989', '', 'Bà Rịa', '6340bd338c0ba20742b872bfd5563995', NULL, 'NLQL-CA1-P01'),
('QL0482', 'Nguyễn Văn Bình', '20/07/1976', '', 'Củ Chi', 'b0e6592ba08a84f5d9989d261554e720', NULL, 'NLQL-CA1-P01'),
('QL0483', 'Đỗ Võ Nguyệt Châu', '04/10/1988', '', 'Bà Rịa', 'f39385853d3226ce24261783a80944a5', NULL, 'NLQL-CA1-P01'),
('QL0484', 'Đinh Thị Trúc Chi', '25/12/1984', '', 'Bình Dương', 'c0a6f0278ff33eda2f36bcf01f3a051d', NULL, 'NLQL-CA1-P01'),
('QL0485', 'Bùi Đình Chung', '29/01/1986', '', 'Ba Tháng Hai', 'e63d37db580d7981c896ad16239a2230', NULL, 'NLQL-CA1-P01'),
('QL0486', 'Trần Ngọc Cường', '03/04/1980', '', 'Chợ Lớn', '8b3f31660cec32188752548acdee9c0b', NULL, 'NLQL-CA1-P01'),
('QL0487', 'Nguyễn Tấn Đạt', '19/05/1987', '', 'Sóc Trăng', '4dfabaa0ac315fcdc390c11f0a499139', NULL, 'NLQL-CA1-P01'),
('QL0488', 'Ngô Thị Khánh Đoan', '19/10/1977', '', 'Bà Rịa', '27027dae2792dfba4d764e253de27c1d', NULL, 'NLQL-CA1-P01'),
('QL0489', 'Nguyễn Đình Ngọc Đức', '06/10/1981', '', 'Lâm Đồng ', '15fa82bddd286ec12aee1b35033ab417', NULL, 'NLQL-CA1-P01'),
('QL0490', 'Nguyễn Thị Lê Dung', '25/06/1982', '', 'Lâm Đồng ', '32f957e9f4ebf2ad4c5efef014ee39a7', NULL, 'NLQL-CA1-P01'),
('QL0491', 'Dương Văn Dũng', '21/10/1978', '', 'Đồng Khởi', '34a0eb4bc9edfdd4e7ea34bf1045e438', NULL, 'NLQL-CA1-P01'),
('QL0492', 'Phan Thị Băng Dương', '17/08/1983', '', 'Tây Sài Gòn', 'b7b56be1e37f6254b1a77923465c45df', NULL, 'NLQL-CA1-P01'),
('QL0493', 'Nguyễn Lý Anh Duy', '05/09/1982', '', 'Sóc Trăng', '2db5edf824c27aeef2e8b1ca6a5aa302', NULL, 'NLQL-CA1-P01'),
('QL0494', 'Bùi Ngọc Quốc Duy', '12/12/1987', '', 'Vĩnh Long', 'b4241f8685fde3738fc4159734b75f44', NULL, 'NLQL-CA1-P01'),
('QL0495', 'Bùi Văn Giang', '30/01/1989', '', 'Nam Đồng Nai', 'fa1b3e7f91489ee7da091918ca177f35', NULL, 'NLQL-CA1-P01'),
('QL0496', 'Nguyễn Quỳnh Giao', '05/05/1980', '', 'Sóc Trăng', '6873a5d4ca05b1daf34f77325833a2ae', NULL, 'NLQL-CA1-P01'),
('QL0497', 'Phạm Thị Ngọc Hà', '15/12/1986', '', 'Bắc Đắk Lắk', '9c9f1a7c873480b071453f1d380ee1a3', NULL, 'NLQL-CA1-P02'),
('QL0498', 'Trần Thị Kim Hân', '06/09/1979', '', 'Sóc Trăng', '8f78ed2500723a8aa0610af144675170', NULL, 'NLQL-CA1-P02'),
('QL0499', 'Phạm Thu Hằng', '04/06/1976', '', 'Bà Rịa Vũng Tàu', 'b7c8eaa74966290ca80eff303f649292', NULL, 'NLQL-CA1-P02'),
('QL0500', 'Trần Thị Mỹ Hạnh', '26/11/1984', '', 'Bà Rịa', '5686e4b05866abb4b20536fc73096df8', NULL, 'NLQL-CA1-P02'),
('QL0501', 'Đặng Thị Hồng Hạnh', '01/11/1984', '', 'Bắc Quảng Bình', '7247f9abc7c04e6ec4ba9ec0d69aacda', NULL, 'NLQL-CA1-P02'),
('QL0502', 'Vòng Tàu Hếnh', '17/09/1978', '', 'Bình Tân', '7a606dff2d05ad4eec582c6de90dbe5d', NULL, 'NLQL-CA1-P02'),
('QL0503', 'Nguyễn Thị Thục Hiền', '26/12/2986', '', 'Chợ Lớn', '1d10bf9d15b7a2ccdface824676c253c', NULL, 'NLQL-CA1-P02'),
('QL0504', 'Trần Kim Hiển', '20/04/1975', '', 'Sóc Trăng', '054729a78d2067a27d667749135232a7', NULL, 'NLQL-CA1-P02'),
('QL0505', 'Huỳnh Việt Anh', '31/10/1974', '', 'Ba Mươi Tháng Tư', '14c023f5651d94c7812aa28933deeddd', NULL, 'NLQL-CA1-P02'),
('QL0506', 'Trần Hoàng Huy', '08/06/1980', '', 'Châu Thành Sài Gòn', 'b402f7b0e4279354caac37d730a093fa', NULL, 'NLQL-CA1-P02'),
('QL0507', 'Cao Minh Khải', '12/03/1983', '', 'Sóc Trăng', '14f7c6ac79fe74358ba97b8747003573', NULL, 'NLQL-CA1-P02'),
('QL0508', 'Nguyễn Minh Khôi', '18/10/1985', '', 'Quận 9 Sài Gòn', '1e921f5116329f5833a059a5f7aede2c', NULL, 'NLQL-CA1-P02'),
('QL0509', 'Lê Thị Kim', '06/06/1983', '', 'Bắc Đắk Lắk', 'b97bed9f1bb4a14d0352aa9f32cbca3c', NULL, 'NLQL-CA1-P02'),
('QL0510', 'Nguyễn Trường Kỳ', '13/05/1987', '', 'Nam Đồng Nai', 'd3739e61a5ad1a68122423eb67b74449', NULL, 'NLQL-CA1-P02'),
('QL0511', 'Đặng Thị Cẩm Lệ', '11/03/1986', '', 'Lâm Đồng ', '8ee921a4b5034339dcaf33001139737f', NULL, 'NLQL-CA1-P02'),
('QL0512', 'Nguyễn Thị Liên', '24/09/1982', '', 'Đông Đăklăk', '7980020432962e250c251ebfe5ed39d5', NULL, 'NLQL-CA1-P02'),
('QL0513', 'Trần Hà Thụy Linh', '29/05/1979', '', 'Chợ Lớn', '885d5ce76343e09623f9342e1391b876', NULL, 'NLQL-CA1-P02'),
('QL0514', 'Trần Thị Loan', '07/08/1976', '', 'Chợ Lớn', 'bee526cc1bac0cb9d1c4f5cffcbbc7a2', NULL, 'NLQL-CA1-P02'),
('QL0515', 'Chung Lý Luận', '27-10-1983', '', 'Thủ Dầu Một', 'd36b4de66ea71fd4db8676cbaa912430', NULL, 'NLQL-CA1-P02'),
('QL0516', 'Nguyễn Thị Mai Ly', '05/04/1987', '', 'Đà Lạt', '42fc9ecc961c4fc608992183aabd5f8f', NULL, 'NLQL-CA1-P02'),
('QL0517', 'Trương Thị Ngọc Mai', '19/09/1978', '', 'Sở giao dịch 2', '50d0982d13a8ac720e7d81a7502a2d60', NULL, 'NLQL-CA1-P02'),
('QL0518', 'Đặng Ngọc Mai', '25-05-1980', '', 'Thủ Dầu Một', '2f8b4290ab85f95d93aff2616c7e225b', NULL, 'NLQL-CA1-P02'),
('QL0519', 'Nguyễn Hùng Minh', '26/01/1984', '', 'Bến Tre', 'c47db5a537ca24a56f845a48fbced247', NULL, 'NLQL-CA1-P03'),
('QL0520', 'Đặng Phạm Quỳnh Nga', '06/08/1986', '', 'Bà Rịa', '34ed5523b1030407c77d7d9d5ffa122a', NULL, 'NLQL-CA1-P03'),
('QL0521', 'Nguyễn Thúy Nga', '23/12/1985', '', 'Đông Đăklăk', '4e0f61563f69d9fd378fcf58a33c311f', NULL, 'NLQL-CA1-P03'),
('QL0522', 'Nguyễn Đặng Hồng Ngọc', '05/10/1984', '', 'Bình Dương', '859cb0f3a228ce089da1397ecbfdfa37', NULL, 'NLQL-CA1-P03'),
('QL0523', 'Lê Kim Ngọc', '07/09/1989', '', 'Châu Thành Sài Gòn', 'c21bb2f2855dddc912db852ee25c190c', NULL, 'NLQL-CA1-P03'),
('QL0524', 'Lê Đoàn Yến Nhi', '13/6/1985', '', 'Tân Bình', '0a78bec81612723e7f3e5753c31218bd', NULL, 'NLQL-CA1-P03'),
('QL0525', 'Lê Thị Hoàng Oanh', '01/12/1983', '', 'Sóc Trăng', 'e8261f90be04340e06b68690ddc1e6bf', NULL, 'NLQL-CA1-P03'),
('QL0526', 'Trần Hoài Phong', '22/06/1981', '', 'Sa Đéc', '13a7698c3cc22eadaa5efe3b373667ee', NULL, 'NLQL-CA1-P03'),
('QL0527', 'Trương Nhật Phương', '12/05/1982', '', 'Châu Thành Sài Gòn', '8a14d90bf46fa7dbecec4bb9a7ac690b', NULL, 'NLQL-CA1-P03'),
('QL0528', 'Trịnh Nguyễn Hà Phương', '14/02/1985', '', 'Chợ Lớn', 'df418425dc1bc1e0a28278eb307e9bf8', NULL, 'NLQL-CA1-P03'),
('QL0529', 'Hồ Ngọc Uyên Phương', '06/02/1985', '', 'Lâm Đồng ', '834f41cdd12bf05394736e0c5561951f', NULL, 'NLQL-CA1-P03'),
('QL0530', 'Hồng Thị Mỹ Phương', '11/04/1982', '', 'Sóc Trăng', 'fb3f4a46017fefe93851797787914060', NULL, 'NLQL-CA1-P03'),
('QL0531', 'Lý Minh Phương', '01/09/1978', '', 'Sóc Trăng', '4195f2d5cdc6830bd9a0638f1e88a217', NULL, 'NLQL-CA1-P03'),
('QL0532', 'Triệu Hồng Phượng', '13/10/1975', '', 'Sóc Trăng', '821e131aa737f13cf3f8794709ec218e', NULL, 'NLQL-CA1-P03'),
('QL0533', 'Trần Chí Quang', '09/12/1981', '', 'Sở giao dịch 2', 'e65b9c9df805b2b9b2b09dfd7d95d385', NULL, 'NLQL-CA1-P03'),
('QL0534', 'Đoàn Thị Phương Quỳnh', '19/10/1986', '', 'Ba Tháng Hai', 'a5c600127e06d176a6eb3c7c58bddb6e', NULL, 'NLQL-CA1-P03'),
('QL0535', 'Nguyễn Thanh Sơn', '20/08/1982', '', 'Bình Tây Sài Gòn', 'f39cbc71105ab1db3205ef5df2a0846b', NULL, 'NLQL-CA1-P03'),
('QL0536', 'Dương Quốc Sơn', '10/10/1988', '', 'Chợ Lớn', '271ac0cf2898bc43d471c5294b16943f', NULL, 'NLQL-CA1-P03'),
('QL0537', 'Đinh Công Tài', '10/09/1987', '', 'Củ Chi', '2e2e49b59b41725cb8659d9a4ae246eb', NULL, 'NLQL-CA1-P03'),
('QL0538', 'Lê Hồng Thanh', '08/10/1985', '', 'Hải Vân', 'e01b7054bf7417ae1c642086e0d00ac5', NULL, 'NLQL-CA1-P03'),
('QL0539', 'Nguyễn Bình Phương Thảo', '14/09/1988', '', 'Bà Rịa', 'ed7db0d88229f5b68171829d2c1e7ad6', NULL, 'NLQL-CA1-P03'),
('QL0540', 'Nguyễn Ngọc Thảo', '23/10/1984', '', 'Bà Rịa', 'e34c337b85af4d1893a6ea18a82bde63', NULL, 'NLQL-CA1-P03'),
('QL0541', 'Lê Thị Thanh Thảo', '16/08/1979', '', 'Sa Đéc', 'ffe83025d0188db49176c40f1f30bfb4', NULL, 'NLQL-CA1-P04'),
('QL0542', 'Lê Mai Thi', '28/05/1974', '', 'Phú Nhuận', 'fad1eccfad754fd92bacd45f9576521c', NULL, 'NLQL-CA1-P04'),
('QL0543', 'Nguyễn Văn Thiện', '17/02/1979', '', 'Vĩnh Long', 'e738606e604fbda997d16df2133b8c2b', NULL, 'NLQL-CA1-P04'),
('QL0544', 'Trần Thị Thu', '21/07/1983', '', 'Bắc Quảng Bình', 'e14dd4796db81b4eacb179c3a2e7f40b', NULL, 'NLQL-CA1-P04'),
('QL0545', 'Vương Thị Minh Thu', '23-04-1984', '', 'Thủ Dầu Một', '96b8ed0ffec531e61c8144c45f06a7b6', NULL, 'NLQL-CA1-P04'),
('QL0546', 'Nguyễn Xuân Thực', '24/12/1976', '', 'Bắc Quảng Bình', '0a24c9fbfa6d8a8d67b5118756cee4e3', NULL, 'NLQL-CA1-P04'),
('QL0547', 'Đặng Phương Thúy', '25/08/1984', '', 'Bắc Đắk Lắk', '5ebbc986fda6a0521cb6a225cd98dd62', NULL, 'NLQL-CA1-P04'),
('QL0548', 'Phan Biên Thùy', '01/10/1980', '', 'Bắc Đắk Lắk', '594eafc4904cb63984d8beb44431e5b2', NULL, 'NLQL-CA1-P04'),
('QL0549', 'Nguyễn Đức Toàn', '20/05/1986', '', 'Đông Sài Gòn', 'cfd13d78c79c890cd0cfa5b0cb960eda', NULL, 'NLQL-CA1-P04'),
('QL0550', 'Vương Quỳnh Trang', '23/01/1986', '', 'Nam Đồng Nai', '25325f48b51b015b78245e09d77fd70f', NULL, 'NLQL-CA1-P04'),
('QL0551', 'Đào Kỳ Minh Trí', '30/03/1979', '', 'Sóc Trăng', '56e5c9c1cea488cd9bca4abd5c05c55a', NULL, 'NLQL-CA1-P04'),
('QL0552', 'Vũ Quang Trình', '28/10/1988', '', 'Nam Đồng Nai', '928946a9ba55898602e1ffc8f6be4c98', NULL, 'NLQL-CA1-P04'),
('QL0553', 'Đào Anh Trọng', '19/06/1987', '', 'Bắc Sài Gòn', 'd22ae6b4eb3125de34a9b2b24c56a40b', NULL, 'NLQL-CA1-P04'),
('QL0554', 'Nguyễn Thị Xuân Trúc', '27-01-1983', '', 'Thủ Dầu Một', '86f3c532ccb6353ca30eb142e8e8c8e1', NULL, 'NLQL-CA1-P04'),
('QL0555', 'Nguyễn Quang Trung', '16/08/1984', '', 'Bắc Đắk Lắk', '9d8934de383acb4634bfcbd932cbc07c', NULL, 'NLQL-CA1-P04'),
('QL0556', 'Trang Minh Trung', '05/05/1985', '', 'Sóc Trăng', '8d8f5b0822c9f2d50a092436388bffd1', NULL, 'NLQL-CA1-P04'),
('QL0557', 'Nguyễn Minh Tuấn', '04/11/1989', '', 'Nam Đồng Nai', '3170a9ddedef29a3135fe7fa157a5f84', NULL, 'NLQL-CA1-P04'),
('QL0558', 'Phạm Đăng Tuấn', '01/04/1979', '', 'Sài Gòn', '44fee9e96f44767ec261a73a333357c6', NULL, 'NLQL-CA1-P04'),
('QL0559', 'Nguyễn Thị Lê Uyên', '06/12/1982', '', 'Đà Lạt', '56b760aff7a3ee268493d623e9129bb3', NULL, 'NLQL-CA1-P04'),
('QL0560', 'Võ Hoàng Quốc Việt', '28-11-1989', '', 'Thủ Dầu Một', 'af87a63590bf7f916acac6789ef3a13e', NULL, 'NLQL-CA1-P04'),
('QL0561', 'Phạm Thị Hồng Xuân', '01/01/1978', '', 'Đà Lạt', '1a5e9d05fdce82f98b56382addb8c888', NULL, 'NLQL-CA1-P04'),
('QL0562', 'Đỗ Hoàng Anh', '18/07/1974', '', 'Châu Thành Sài Gòn', 'df20f2447b3ff6f3a0b54757b499c9f3', NULL, 'NLQL-CA1-P05'),
('QL0563', 'Bùi Thị Vân Anh', '14/08/1975', '', 'Đăk Lăk', '26a8aa34e460e9db2a0fdd49f67c55df', NULL, 'NLQL-CA1-P05'),
('QL0564', 'Nguyễn Tuấn Anh', '12/01/1972', '', 'Thủ Thiêm', 'd5845d8a27abc9bc1a3c9c911cff029b', NULL, 'NLQL-CA1-P05'),
('QL0565', 'Hoàng Văn Đồng Bằng', '08/10/1974', '', 'Chi nhánh Bảo Lộc', '24740583bdd7c956ca703af12e6c604b', NULL, 'NLQL-CA1-P05'),
('QL0566', 'Lê Thị Mỹ Châu', '26/05/1979', '', 'Ninh Thuận', '8eb41aaac5d173cdf0902f116c8abb4a', NULL, 'NLQL-CA1-P05'),
('QL0567', 'Nguyễn Thị Nhật Chinh', '06/02/1981', '', 'Phú Yên', '6df563f84f8142d2a1c76708c34cae00', NULL, 'NLQL-CA1-P05'),
('QL0568', 'Phạm Hữu Cường', '06/06/1978', '', 'Nam Gia Lai', '50c8b897758924b3f576812a24daa466', NULL, 'NLQL-CA1-P05'),
('QL0569', 'Nguyễn Thị Thúy Diễm', '02/11/1979', '', 'Thủ Đức', '782b0da0e9098749585f2a55a4fcbfb8', NULL, 'NLQL-CA1-P05'),
('QL0570', 'Nguyễn Tấn Dũng', '20/03/1975', '', 'Quy Nhơn', '22bf2888072c1506842baf8f95aa80be', NULL, 'NLQL-CA1-P05'),
('QL0571', 'Trần Duy Hải', '12/12/1983', '', 'Bà Chiểu', 'b0bd8b1f9432b7b53656537e52b8f6a3', NULL, 'NLQL-CA1-P05'),
('QL0572', 'Hà Đinh Long Hải', '06/12/1984', '', 'Bắc Sài Gòn', '08126f99658d3efe03149307504b2c24', NULL, 'NLQL-CA1-P05'),
('QL0573', 'Phan Thị Thuý Hằng', '16/4/1984', '', 'Đắk Nông', '0d99012b5df556cf34a61318fa743dda', NULL, 'NLQL-CA1-P05'),
('QL0574', 'Lê Úc Hiền', '02/02/1966', '', 'Bình Điền Sài Gòn', 'fc8f6e627559d9d04dee90c4cb0cd8e7', NULL, 'NLQL-CA1-P05'),
('QL0575', 'Phan Thị Thu Hiền', '25/07/1980', '', 'Châu Thành Sài Gòn', '584f7049e7701c0cdc8918f6b75668ce', NULL, 'NLQL-CA1-P05'),
('QL0576', 'Phan Thị Thu Hiền', '22/06/1973', '', 'Quảng Bình', '3f7d102819b4227e9629403aa9cc60fa', NULL, 'NLQL-CA1-P05'),
('QL0577', 'Nguyễn Đức Hoàng', '21/07/1984', '', 'Châu Thành Sài Gòn', '9d087140e5847d5a47bf97defe49686b', NULL, 'NLQL-CA1-P05'),
('QL0578', 'Nguyễn Tấn Hoàng', '18/03/1974', '', 'Gia Lai', '5501471ee82521b12a502f8e00f118d5', NULL, 'NLQL-CA1-P05'),
('QL0579', 'Hà Đức Hùng', '03/04/1975', '', 'Kon Tum', 'aa486b95d3e36a58234690b6929b5fdd', NULL, 'NLQL-CA1-P05'),
('QL0580', 'Lê Văn Hưởng', '24/11/1975', '', 'Tiền Giang', 'f891e4b484284a04c56f08c507d731a6', NULL, 'NLQL-CA1-P05'),
('QL0581', 'Phan Thị Diệu Huyền', '07/01/1971', '', 'Kon Tum', 'f123ed12924c4dfb05606243ba392c18', NULL, 'NLQL-CA1-P05'),
('QL0582', 'Hoàng Mạnh Khánh', '02/11/1979', '', 'Thủ Đức', '3f39a81e2621b5ae3823ecfd2dc54a8e', NULL, 'NLQL-CA1-P05'),
('QL0583', 'Trần Trung Kiên', '19/11/1986', '', 'Đông Đồng Nai', 'c89b9dbace173aaa9e1e8adfa062d484', NULL, 'NLQL-CA1-P05'),
('QL0584', 'Nguyễn Ngọc Lâm', '26/07/1984', '', 'Tây Sài Gòn', '6b6352e778ba0a0919b612d5f411f043', NULL, 'NLQL-CA1-P05'),
('QL0585', 'Trần Thị Hồng Lê', '31/05/1974', '', 'Bình Định', '1b5b13d528af1bc886951500c6c9d4e6', NULL, 'NLQL-CA1-P06'),
('QL0586', 'Phan Hồng Linh', '03/09/1980', '', 'Tây Ninh', 'ba5062b8b8ef256331811a3aa24c3225', NULL, 'NLQL-CA1-P06'),
('QL0587', 'Đoàn Đức Lĩnh', '17/12/1978', '', 'Bình Thạnh', '77b6d0a81ace502d490d0e8667e9f395', NULL, 'NLQL-CA1-P06'),
('QL0588', 'Nguyễn Khoa Triều Long', '01/06/1976', '', 'Châu Thành Sài Gòn', '1a6629921e4a0f8f1f71010739c599dc', NULL, 'NLQL-CA1-P06'),
('QL0589', 'Hồ Duy Long', '14/09/1976', '', 'Sài Gòn', 'c264deff34a30383494d002a2e25bdd7', NULL, 'NLQL-CA1-P06'),
('QL0590', 'Lưu Minh Luân', '12/03/1971', '', 'Ban QLDAPN', '7c52056202204b720c169e548ea9de98', NULL, 'NLQL-CA1-P06'),
('QL0591', 'Châu Ngọc Như Mai', '20/12/1973', '', 'Vĩnh Long', '92084de56754900a10a4efba4edea6d4', NULL, 'NLQL-CA1-P06'),
('QL0592', 'Hoàng Văn Minh', '08/09/1970', '', 'Bình Hưng', '3fd58a1038dc4ac1c40a6f37013b80aa', NULL, 'NLQL-CA1-P06'),
('QL0593', 'Trần Thị Mỹ', '20/12/1980', '', 'Đông Đăklăk', '34355e2ffc81f0e59b30eaac175838bf', NULL, 'NLQL-CA1-P06'),
('QL0594', 'Hoàng Thị Phương Nga', '22/12/1970', '', 'Khánh Hòa', '29a9afe295d923050fabe1f542e77e34', NULL, 'NLQL-CA1-P06'),
('QL0595', 'Nguyễn Xuân Nghị', '19/05/1967', '', 'Kon Tum', '1b7dcb8041715157d539a67d8690244f', NULL, 'NLQL-CA1-P06'),
('QL0596', 'Võ Trọng Nghĩa', '28/10/1981', '', 'Dung Quất', '5e393c91cb40563157672f6e6847aa7d', NULL, 'NLQL-CA1-P06'),
('QL0597', 'Trần Thị Tuyết Ngọc', '28/07/1974', '', 'Long An', 'c19ebafae8a1383f03699253faa3e0ee', NULL, 'NLQL-CA1-P06'),
('QL0598', 'Nguyễn Ngọc Khoa Nguyên', '26/12/1972', '', 'Bến Nghé', 'c768595f0be37db42849e715522c7fe2', NULL, 'NLQL-CA1-P06'),
('QL0599', 'Tô Hiền Nhân', '01/01/1975', '', 'Bắc An Giang', '9ef075860ed9a2b35a2a2f5663c9e167', NULL, 'NLQL-CA1-P06'),
('QL0600', 'H Trương Niê', '07/06/1977', '', 'Đăk Lăk', 'aa3415b2ab77b194a013d0e1a2068d11', NULL, 'NLQL-CA1-P06'),
('QL0601', 'Nguyễn Thị Kiều Oanh', '02/05/1981', '', 'Bình Thạnh', '5b0517ba1af06412f007a98b68691146', NULL, 'NLQL-CA1-P06'),
('QL0602', 'Đặng Hải Phong', '10/02/1975', '', 'Đăk Lăk', '25de6ba1256e5dca9fbc481a777772f1', NULL, 'NLQL-CA1-P06'),
('QL0603', 'Vũ Tiên Phong', '30/7/1976', '', 'Đông Đăklăk', 'd7632d08ec57bdd142b6bb0cb8b5e346', NULL, 'NLQL-CA1-P06'),
('QL0604', 'Nguyễn Tiến Phú', '28/07/1972', '', 'Nam Gia Lai', 'b3d94530330c30eb85d8ad697f50946f', NULL, 'NLQL-CA1-P06'),
('QL0605', 'Phan Thị Vương Phụng', '01/09/1981', '', 'Tây Ninh', '95c0017766e3d1faca064470d4ee9a4d', NULL, 'NLQL-CA1-P06'),
('QL0606', 'Bùi Thị Hoài Phương', '03/07/1981', '', 'Kon Tum', 'f41a638bc34b46b25c1f6b0ae6012264', NULL, 'NLQL-CA1-P06'),
('QL0607', 'Đặng Thị Kim Phượng', '31/10/1985', '', 'Phú Nhuận', '4427a1381e7b3c78a47f9dfa44551eb3', NULL, 'NLQL-CA1-P07'),
('QL0608', 'Trọng Mạnh Quân', '20/03/1982', '', 'Châu Thành Sài Gòn', 'fb9d8e1c02ef8ec29fda64d4af7534f7', NULL, 'NLQL-CA1-P07'),
('QL0609', 'Trần Trọng Quốc', '15/04/1974', '', 'VPĐD BIDV tại Đà Nẵng', 'c5abf09255514fa009554c293aefb13d', NULL, 'NLQL-CA1-P07'),
('QL0610', 'Nguyễn Thị Hà Tây', '1/11/1980', '', 'Bình Thuận', '24a02e4866d5097c2c70bcb7b918c72f', NULL, 'NLQL-CA1-P07'),
('QL0611', 'Nguyễn Đức Thắng', '21/08/1979', '', 'Ba Tháng Hai', '8542ef5346161fc32aec66493f046e0b', NULL, 'NLQL-CA1-P07'),
('QL0612', 'Nguyễn Minh Thành', '10/12/1981', '', 'Đông Đăklăk', 'af84c36717dfd1001fc71425d46b47a9', NULL, 'NLQL-CA1-P07'),
('QL0613', 'Đoàn Việt Thành', '07/07/1982', '', 'Nam Sài Gòn', '245bca3536f80da5983efbf2c42904a7', NULL, 'NLQL-CA1-P07'),
('QL0614', 'Nguyễn Quốc Thịnh', '11/11/1972', '', 'Bình Tây Sài Gòn', 'a756f6edd38e373fea1af2f369415f78', NULL, 'NLQL-CA1-P07'),
('QL0615', 'Lê Thị Thuận', '21/07/1975', '', 'Ninh Thuận', 'ffbd627aa993a60d2918f76c02c2ac17', NULL, 'NLQL-CA1-P07'),
('QL0616', 'Lê Thị Ngọc Thúy', '03/07/1979', '', 'Châu Thành Sài Gòn', '0565fad9fb7a8601eb95bbcb46df9260', NULL, 'NLQL-CA1-P07'),
('QL0617', 'Đặng Văn Tính', '19/10/1974', '', 'Thủ Thiêm', 'd74aefe14f33480a4bcce66e3310abe8', NULL, 'NLQL-CA1-P07'),
('QL0618', 'Nguyễn Quý Toàn', '01/01/1978', '', 'Sài Gòn', 'ccd6b77f9cd700e23182a8667070aa9d', NULL, 'NLQL-CA1-P07'),
('QL0619', 'Nguyễn Khánh Trình', '14/01/1986', '', 'Hóc Môn', 'aa244fb57d01edf5d579ff904fea0f47', NULL, 'NLQL-CA1-P07'),
('QL0620', 'Nguyễn Văn Tý', '25/04/1974', '', 'Phú Quốc', '3f579dc6b7caf663b41c4a93c8524183', NULL, 'NLQL-CA1-P07'),
('QL0621', 'Nguyễn Quốc Uy', '26/11/1965', '', 'Vĩnh Long', '4fe9a534134c3b05d9a46a7166733ce6', NULL, 'NLQL-CA1-P07'),
('QL0622', 'Đỗ Đoàn Như Uyên', '09/10/1981', '', 'Tây Sài Gòn', '9015da0cc0e854abd7425da633423a64', NULL, 'NLQL-CA1-P07'),
('QL0623', 'Phùng Thị Ái Vân', '15/01/1976', '', 'Đăk Lăk', '3a055201c1c82a9c3a9f88c47292c396', NULL, 'NLQL-CA1-P07'),
('QL0624', 'Bùi Trần Như Vũ', '25/10/1978', '', 'Kon Tum', 'de51d3e18b0c5573f108b0f36fe8b1bb', NULL, 'NLQL-CA1-P07'),
('QL0625', 'Huỳnh Phong Vũ', '20/9/1973', '', 'Nam Bình Dương', '433de2e2d24d31bf954d41849da06faa', NULL, 'NLQL-CA1-P07'),
('QL0626', 'Lê Hùng Vương', '15/10/1979', '', 'Nam Gia Lai', '7a7cc8cb0260ba9d754384c47ae480c3', NULL, 'NLQL-CA1-P07'),
('QL0627', 'Hoàng Thị Hải Yến', '08/05/1986', '', 'Tây Ninh', '74587390273add6783982070e27f4b19', NULL, 'NLQL-CA1-P07'),
('QL0629', 'Đào Thị Vân Anh', '31/03/1987', '', 'Bà Rịa', 'a25637ba568064e932b814bc5013c683', NULL, 'NLQL-CA2-P01'),
('QL0630', 'Trần Tuấn Anh', '03/03/1985', '', 'Đông Sài Gòn', '2e8a1aa29e26794c73587691a5c948c5', NULL, 'NLQL-CA2-P01'),
('QL0631', 'Võ Ngọc Ánh', '8/12/1977', '', 'Vĩnh Long', '4762f5df0a8d73e36b611605d6cfcbea', NULL, 'NLQL-CA2-P01'),
('QL0632', 'Lã Thị Ngọc Bích', '13/03/1987', '', 'Bà Rịa', 'b174f5d5414556b84c3b25264e775dfc', NULL, 'NLQL-CA2-P01'),
('QL0634', 'Y Kim Niê Blo', '09/10/1976', '', 'Bắc Đắk Lắk', 'f1fb09210de0b4a80a9eaa893c68f630', NULL, 'NLQL-CA2-P01'),
('QL0635', 'Nguyễn Hoàng Ngọc Châu', '12/11/1993', '', 'Chợ Lớn', 'e03416a334cde64b436c6ac34993432d', NULL, 'NLQL-CA2-P01'),
('QL0636', 'Nguyễn Khánh Chi', '19/01/1982', '', 'Đà Lạt', 'c8bd7743540f93cb9c1718c5c95415a3', NULL, 'NLQL-CA2-P01'),
('QL0637', 'Vũ Kim Chi', '20/10/1980', '', 'Tân Bình', '8e6e83945745b7912bdeb513ef82a01e', NULL, 'NLQL-CA2-P01'),
('QL0638', 'Nguyễn Thành Chung', '23/11/1989', '', 'Quận 9 Sài Gòn', '3458d004586a7398c9b8eb0209df37a3', NULL, 'NLQL-CA2-P01'),
('QL0639', 'Ngô Mã Quốc Chương', '10/06/1987', '', 'Chợ Lớn', '434bbb1dcb9205a41ad66c595066b798', NULL, 'NLQL-CA2-P01'),
('QL0640', 'Phan Thanh Công', '30/06/1980', '', 'Hải Vân', 'c013e394563ab9b86adfcc961ead5552', NULL, 'NLQL-CA2-P01'),
('QL0641', 'Đỗ Thế Dân', '16/08/1992', '', 'Bình Tây Sài Gòn', '37ede8c5971fa8e3017387ac5da9931f', NULL, 'NLQL-CA2-P01'),
('QL0642', 'Lê Hoàng Danh', '03/01/1978', '', 'Đồng Tháp', 'fd8e419a663c5452def7ddfa2e29495c', NULL, 'NLQL-CA2-P01'),
('QL0644', 'Bùi Thị Đào', '15/06/1984', '', 'Phố Núi', '0e2bc48f46edd63cd78e31623dac7bf1', NULL, 'NLQL-CA2-P01'),
('QL0645', 'Lưu Anh Đạt', '03/10/1992', '', 'Bắc Sài Gòn', '20eafc4a96705366a5df76ad036d7cdc', NULL, 'NLQL-CA2-P01'),
('QL0646', 'Nguyễn Phúc Đạt', '19/01/1990', '', 'Đà Lạt', '533294ea07eccb69271bca3614299718', NULL, 'NLQL-CA2-P01'),
('QL0647', 'Lê Quốc Đạt', '07/04/1992', '', 'Đà Lạt', '836a96a0474b90c5d2c100ee08d77357', NULL, 'NLQL-CA2-P01'),
('QL0648', 'Dương Ngọc Diễm', '12/04/1992', '', 'Bình Tây Sài Gòn', '0582bb40ea59aec013d5f041bbdf44a8', NULL, 'NLQL-CA2-P01'),
('QL0649', 'Nguyễn Thị Diệu', '18/05/1982', '', 'Bắc An Giang', '95b9aa31a66ceb6b3a139c205231104d', NULL, 'NLQL-CA2-P01'),
('QL0650', 'Nguyễn Việt Diệu', '1/7/1985', '', 'Vĩnh Long', 'abcc88c0d929faa865f658d485aae9fd', NULL, 'NLQL-CA2-P01'),
('QL0652', 'Vũ Minh Đức', '09/05/1989', '', 'Đà Lạt', 'd4e9d157567ff20cb7b25e6765fa4910', NULL, 'NLQL-CA2-P02'),
('QL0653', 'Phan Thị Ngọc Dung', '21/05/1981', '', 'Đà Lạt', 'a4cd4dc53e9d96c6d57536098acfa6e8', NULL, 'NLQL-CA2-P02'),
('QL0654', 'Nguyễn Thị Kim Dung', '08/08/1980', '', 'Đông Sài Gòn', '6d7804bf94dd6075ceef24d4a60faea6', NULL, 'NLQL-CA2-P02'),
('QL0655', 'Trương Nguyễn Thuỳ Dung', '14/05/1987', '', 'Quảng Bình', '92b0cd5fbe5bd6993ea10b33ec7088bf', NULL, 'NLQL-CA2-P02'),
('QL0656', 'Trần Duy Dũng', '18/05/1988', '', 'Bắc Sài Gòn', '3e5cc0108f3aac824bfcd503fbdb739a', NULL, 'NLQL-CA2-P02'),
('QL0657', 'Đậu Ngọc Dũng', '22/10/1991', '', 'Chợ Lớn', 'a80cc8ef8b52b054cbb5765fd6ff4774', NULL, 'NLQL-CA2-P02'),
('QL0658', 'Nguyễn Văn Duy', '02/12/1990', '', 'Bình Tây Sài Gòn', '19620e54f1336eb153e90721af947280', NULL, 'NLQL-CA2-P02'),
('QL0659', 'Trần Ngọc Duyên', '09/01/1983', '', 'Bình Phước', 'b06838cf21feb2e82bca4bf4782e90bb', NULL, 'NLQL-CA2-P02'),
('QL0660', 'Hoàng Thị Mỹ Duyên', '29/08/1988', '', 'Sài Gòn', 'd423dafcbe84ad5e0404ed9dc0fc23c0', NULL, 'NLQL-CA2-P02'),
('QL0661', 'Hồ Sỹ Hải', '21/02/1990', '', 'Bà Rịa', '1e8d4186219429ae883afd18c16a229f', NULL, 'NLQL-CA2-P02'),
('QL0662', 'Nguyễn Hữu Hải', '22/10/1988', '', 'Chợ Lớn', 'ad0a4dd424990fbb3e5d4515e65b173c', NULL, 'NLQL-CA2-P02'),
('QL0663', 'Nguyễn Thị Thanh Hải', '18/11/1976', '', 'Đông Sài Gòn', 'a9d9635596cdeb9240705529e7ebbc6a', NULL, 'NLQL-CA2-P02'),
('QL0664', 'LÊ ĐỨC HẢI', '24/07/1981', '', 'Phú Nhuận', 'e58530dda641644cf9b59b1a789f4265', NULL, 'NLQL-CA2-P02'),
('QL0665', 'Nguyễn Thị Thanh Hằng', '16/04/1992', '', 'Bà Rịa', 'b27ba130c49b2c8758f0aa6817e6343a', NULL, 'NLQL-CA2-P02'),
('QL0666', 'Nguyễn Thị Thu Hằng', '12/06/1989', '', 'Châu Thành Sài Gòn', '20ab84f505480fe892020e2104063b74', NULL, 'NLQL-CA2-P02'),
('QL0668', 'Nguyễn Thị Thúy Hằng', '01/01/1980', '', 'Đồng Tháp ', '1d0046bffbd1a03ca32bb02538d2ceaa', NULL, 'NLQL-CA2-P02'),
('QL0669', 'Nguyễn Kim Hạnh', '10/10/1979', '', 'Bắc An Giang', '3989659ee9bd6ff256104d7a25bad8c4', NULL, 'NLQL-CA2-P02'),
('QL0670', 'Trần Thị Hồng Hạnh', '05/08/1974', '', 'Bình Dương', 'cbce0c1853168b8fa2b372700a3fb067', NULL, 'NLQL-CA2-P02'),
('QL0671', 'Nguyễn Thụy Hạnh', '01/08/1981', '', 'Lâm Đồng ', '8f88ea50ac7c122563362f486b1fc222', NULL, 'NLQL-CA2-P02'),
('QL0672', 'Mai Thị Hiền', '10/01/1988', '', 'Bắc Đắk Lắk', 'e5dbebeefcc075e15a033819fce880f1', NULL, 'NLQL-CA2-P02'),
('QL0673', 'Nguyễn Thị Thu Hiền', '08/05/1989', '', 'Gia Định', '1ba6c77331678e06fffb85b4e04ac6d0', NULL, 'NLQL-CA2-P02'),
('QL0674', 'Cao Thị Thu Hiền', '05/02/1984', '', 'Tây Sài Gòn', 'c6cb9919d3b3075a6b080b807c14ca6b', NULL, 'NLQL-CA2-P02'),
('QL0675', 'Bùi Thị Hiếu', '16/07/1980', '', 'Bà Rịa Vũng Tàu', '614f0b05f360e870d76b8579129fb79e', NULL, 'NLQL-CA2-P02'),
('QL0676', 'Phan Minh Hiếu', '05/11/1981', '', 'Nam Đồng Nai', 'c8a33dcd0fa3145cdd6506f9f4804ca6', NULL, 'NLQL-CA2-P03'),
('QL0677', 'Đinh Thị Hoài', '20/02/1985', '', 'Bắc Sài Gòn', 'b454e5dba9f920710fdebc7811997ba5', NULL, 'NLQL-CA2-P03'),
('QL0678', 'Lê Huy Hoàng', '03/03/1991', '', 'Chợ Lớn', '9ce664d4bbd1c626e21400fb1c6c356e', NULL, 'NLQL-CA2-P03'),
('QL0679', 'Mai Huy Hoàng', '04/10/1990', '', 'Quận 9 Sài Gòn', 'c53c3a194a42439ba29064a1de564ee4', NULL, 'NLQL-CA2-P03'),
('QL0680', 'Lê Thanh Hồng', '18/12/1989', '', 'Hải Vân', '9419023cd2c4c80c9e995c2e5534fd5b', NULL, 'NLQL-CA2-P03'),
('QL0681', 'Lê Thị Kim Hồng', '22/3/1984', '', 'Vĩnh Long', 'ef931dd1bd38bdedd4f8416d34704ef3', NULL, 'NLQL-CA2-P03'),
('QL0682', 'Vũ Duy Hùng', '12/08/1991', '', 'Chi nhánh Bảo Lộc', 'efac286688900c6c5b87c82b5fa65ef7', NULL, 'NLQL-CA2-P03'),
('QL0684', 'Dương Nguyễn Chí Hùng', '20/03/1981', '', 'Đồng Tháp ', '37b7b52ba52d6e4c459ce664922c1a6c', NULL, 'NLQL-CA2-P03'),
('QL0685', 'Bùi Sĩ Hùng', '12-12-1990', '', 'Thủ Dầu Một', '04cd77e7f0946bc359c00ca7161a0e5c', NULL, 'NLQL-CA2-P03'),
('QL0686', 'Lê Thị Minh Hương', '25/02/1987', '', 'Bà Rịa Vũng Tàu', 'a02663b0b81a2de43154a9eb1da5dba7', NULL, 'NLQL-CA2-P03'),
('QL0687', 'Phan Thanh Huy', '15/07/1987', '', 'Bắc Sài Gòn', '60f0dec366b064d1fab7ea7bb5a9f762', NULL, 'NLQL-CA2-P03'),
('QL0688', 'Trần Lê Huyền', '02/10/1988', '', 'Củ Chi', 'd9acf6c6405762a8e2b0e22944ab28fd', NULL, 'NLQL-CA2-P03'),
('QL0689', 'Nguyễn Đinh Khang', '23/09/1993', '', 'Chợ Lớn', 'bf91cc80a0f087b0270fe6cc242ebecd', NULL, 'NLQL-CA2-P03'),
('QL0690', 'Lê Duy Khánh', '22/03/1992', '', 'Sài Gòn', '36b701ef29a928f7ed5a369e43654170', NULL, 'NLQL-CA2-P03'),
('QL0691', 'Đỗ Thị Lệ', '15/12/1987', '', 'Bà Rịa Vũng Tàu', '54c0a8392d835d79563205ed38c666fc', NULL, 'NLQL-CA2-P03'),
('QL0692', 'Lê Thị Thúy Liễu', '01/08/1981', '', 'Sóc Trăng', '28d0147af273d8b315b58247f53c07bd', NULL, 'NLQL-CA2-P03'),
('QL0693', 'Nguyễn Thị Trúc Linh', '22/02/1987', '', 'Bắc An Giang', '02e1abb685eb723e6a1c8d3eaac937b4', NULL, 'NLQL-CA2-P03'),
('QL0694', 'Trần Vân Linh', '6/9/1991', '', 'Tân Bình', '36bd0a15cdb1f60289ab7104f094dc4b', NULL, 'NLQL-CA2-P03'),
('QL0695', 'Võ Thị Bích Loan', '25/04/1986', '', 'Bắc An Giang', '0719ebc6e8b2d264a37cbc2d5396c93b', NULL, 'NLQL-CA2-P03'),
('QL0696', 'Lê Thị Thanh Loan', '30/04/1987', '', 'Sa Đéc', '5dcb7d49b71f874326bb74d21ae71848', NULL, 'NLQL-CA2-P03'),
('QL0697', 'Nguyễn Thị Loan', '30/01/1984', '', 'Vũng Tàu - \\n Côn Đảo', '70aee69ae0f517ae9448f975598ac4d7', NULL, 'NLQL-CA2-P03'),
('QL0698', 'Lê Minh Lộc', '04/10/1987', '', 'Sóc Trăng', '9c2d8c2942bbdc5a1a66f64507152d84', NULL, 'NLQL-CA2-P03'),
('QL0699', 'Đoàn Huỳnh Mai', '12/01/1989', '', 'Chợ Lớn', 'd945f6524dccaaf95dd00ef2280b6c4f', NULL, 'NLQL-CA2-P03'),
('QL0700', 'Đoàn Nguyễn Ngọc Minh', '22/09/1989', '', 'Đà Lạt', 'd38008c948c16e7dfa461900c4228955', NULL, 'NLQL-CA2-P04'),
('QL0701', 'TRẦN THỊ YẾN MINH', '02/02/1984', '', 'Phú Nhuận', '268b75b5bb78668d110e82d9c9b5961b', NULL, 'NLQL-CA2-P04'),
('QL0702', 'Lê Thành Nam', '11/01/1991', '', 'Bắc An Giang', '63ab7bcd5a196336f15ccd50027f970f', NULL, 'NLQL-CA2-P04'),
('QL0703', 'Nguyễn Bá Nam', '01/01/1988', '', 'Bắc Đắk Lắk', '2c06af2277f49bb3c16c66b82db005ee', NULL, 'NLQL-CA2-P04'),
('QL0704', 'Lê Bá Nam', '05/12/1992', '', 'Củ Chi', '211c6d4a2f5c3c7b78522b74840992ea', NULL, 'NLQL-CA2-P04'),
('QL0705', 'Nguyễn Hải Nam', '06/01/1987', '', 'Quảng Bình', '0dad34e88d769805f4b7d8e669eafe9f', NULL, 'NLQL-CA2-P04'),
('QL0706', 'Nguyễn Hoài Nam', '09/11/1985', '', 'Quảng Bình', 'a10f53bef29b28daa9d8bebc0eaf61eb', NULL, 'NLQL-CA2-P04'),
('QL0707', 'Mai Thị Thúy Nga', '10/01/1978', '', 'Quận 9 Sài Gòn', '7b9bf7ec2bd30808ad0809956c2cafc0', NULL, 'NLQL-CA2-P04'),
('QL0708', 'Đỗ Thị Quỳnh Nga', '12/05/1990', '', 'Quận 9 Sài Gòn', '8c27240830be25f8368e08cfbbcb0cf0', NULL, 'NLQL-CA2-P04'),
('QL0709', 'Hồ Hưng Nghiệp', '04/12/1983', '', 'Hải Vân', '3ccea47958fdacc2bfe4f26b29930b5d', NULL, 'NLQL-CA2-P04'),
('QL0710', 'Lý Hồng Ngọc', '30/04/1982', '', 'Phú Mỹ Hưng', 'fda373098063a29ee18caad8c5e2cce7', NULL, 'NLQL-CA2-P04'),
('QL0711', 'Đoàn Nhất Nguyên', '23/09/1982', '', 'Sa Đéc', '036270b39cc0b30a80d83ec68afd544c', NULL, 'NLQL-CA2-P04'),
('QL0712', 'Lâm Tuấn Nguyên', '15/06/1987', '', 'Sóc Trăng', '3a711700d22657476bbe9c789583ce42', NULL, 'NLQL-CA2-P04'),
('QL0713', 'Hồ Thị Mỹ Nhân', '03-02-1985', '', 'Thủ Dầu Một', 'ca65d405d4d9a85bc8b182011cf1227d', NULL, 'NLQL-CA2-P04'),
('QL0714', 'Mai Duy Nhật', '19/12/1991', '', 'Lâm Đồng ', '428854398507066d1817e389a8b64492', NULL, 'NLQL-CA2-P04'),
('QL0715', 'Thái Thị Nhung', '02/09/1981', '', 'Bà Rịa Vũng Tàu', 'b9ac4f371665d21c97fc3f1b32498554', NULL, 'NLQL-CA2-P04'),
('QL0716', 'Phạm Thị Hồng Nhung', '09/10/1987', '', 'Đông Sài Gòn', 'b17f060bf62ea2e527cbc1aaad966797', NULL, 'NLQL-CA2-P04'),
('QL0717', 'Bùi Thị Ngọc Nhung', '10/06/1984', '', 'Quận 9 Sài Gòn', '9e3d3a62f85ff4f6ef1f4ef540df8380', NULL, 'NLQL-CA2-P04'),
('QL0718', 'Trần Thị Cẩm Nhung', '02-10-1989', '', 'Thủ Dầu Một', '809aac6a2753d24f8aef29e31285e2ce', NULL, 'NLQL-CA2-P04'),
('QL0719', 'NGUYỄN THỊ NGỌC OANH', '12/01/1983', '', 'Phú Nhuận', '6e5f3edb45f29fde59831c7ad20f57a6', NULL, 'NLQL-CA2-P04'),
('QL0720', 'Quách Tấn Phát', '09/05/1978', '', 'Bạc Liêu', 'f11fc5e7b09f39370d30abce74d85adf', NULL, 'NLQL-CA2-P04'),
('QL0721', 'Nguyễn Thanh Phong', '01/01/1993', '', 'Bắc Sài Gòn', 'f852ca7c4ed7de75908d00559f9f0b61', NULL, 'NLQL-CA2-P04'),
('QL0722', 'Nguyễn Thanh Phong', '22/04/1991', '', 'Chợ Lớn', 'fa92cc73ade69cd93ab6ae92ce5cf158', NULL, 'NLQL-CA2-P04'),
('QL0723', 'Huỳnh Đạt Phú', '23/02/1989', '', 'Chi nhánh Bảo Lộc', '10872522a0612bf4165ca687caaa7e4c', NULL, 'NLQL-CA2-P04'),
('QL0724', 'Trần Khả Phú', '28/10/1977', '', 'Phú Mỹ Hưng', 'cae9d9c542d28e7d06cf07f983ce0f11', NULL, 'NLQL-CA2-P05'),
('QL0725', 'Nguyễn Lê Hữu Phúc', '15/04/1992', '', 'Hóc Môn', '25037e44a2a8654a21f3fa3e0214dcec', NULL, 'NLQL-CA2-P05'),
('QL0726', 'Nguyễn Quang Phúc', '10/07/1990', '', 'Long An', '0381f4aee69c2ac20dacc115a78606e8', NULL, 'NLQL-CA2-P05'),
('QL0727', 'Nguyễn Thị Kim Phụng', '12/03/1985', '', 'Bến Tre', 'f5af2747ef763308aeb0ead7cbecb584', NULL, 'NLQL-CA2-P05'),
('QL0728', 'Trần Thị Phương', '19/05/1989', '', 'Bình Dương', '43f5d84e8466580f0e068997b7eda63f', NULL, 'NLQL-CA2-P05'),
('QL0729', 'Nguyễn Văn Phương', '15/03/1978', '', 'Củ Chi', '021a6b57890c7af4748b4811caf1064d', NULL, 'NLQL-CA2-P05'),
('QL0730', 'Lê Mai Phương', '12/06/1988', '', 'Nam Đồng Nai', '1be47d8340cd4190d7e048d76bf1eb99', NULL, 'NLQL-CA2-P05'),
('QL0731', 'Đoàn Duy Phương', '27/07/1989', '', 'Bình Thuận', '0ad26abcf5bbda320693f2fde0bbb457', NULL, 'NLQL-CA2-P05'),
('QL0733', 'Nguyễn Bảo Quốc', '01/03/1973', '', 'Bình Điền Sài Gòn', '7d6859b68b3162026868d52217f730d2', NULL, 'NLQL-CA2-P05'),
('QL0734', 'Lâm Đại Quý', '17/04/1992', '', 'Bắc Sài Gòn', '374e4d72ead38d71ed8a479bafc80f6d', NULL, 'NLQL-CA2-P05'),
('QL0735', 'Nguyễn Thị Ngọc Quỳnh', '25/01/1987', '', 'Đông Sài Gòn', '90efe8ae4a2ac5f0a69d8963fda23a37', NULL, 'NLQL-CA2-P05'),
('QL0736', 'Phạm Thị  My Sa', '11/08/1992', '', 'Bình Tây Sài Gòn', '8e8048242b00596581750ee8026765cd', NULL, 'NLQL-CA2-P05'),
('QL0737', 'Trần Phan Ái Sa', '18/12/1990', '', 'Chợ Lớn', '3f23559538dc27658a40d363984c8e3e', NULL, 'NLQL-CA2-P05'),
('QL0738', 'Trương Tú Sang', '08/04/1988', '', 'Sa Đéc', '3675396ee50cd13775a3cab7098f4e4b', NULL, 'NLQL-CA2-P05'),
('QL0739', 'Nguyễn Tấn Sĩ', '26/10/1984', '', 'Bắc An Giang', 'aba867b5f74f228d308b9571baa5fe70', NULL, 'NLQL-CA2-P05'),
('QL0740', 'Trịnh Tấn Tài', '26/04/1986', '', 'Chi nhánh Bảo Lộc', '9b4cbfee5eb46691856dc295f5415aa7', NULL, 'NLQL-CA2-P05'),
('QL0741', 'Nguyễn Hữu Tài', '26/01/1990', '', 'Vĩnh Long', '29e51ba7e09dfe7f69499f96b4acfb1b', NULL, 'NLQL-CA2-P05'),
('QL0742', 'Nguyễn Thành Tâm', '10/07/1992', '', 'Bắc Sài Gòn', '9573b2e53c68d6b861d7871089c7461c', NULL, 'NLQL-CA2-P05'),
('QL0743', 'Trần Thị Thanh Tâm', '16/11/1991', '', 'Chợ Lớn', 'd6cf96924ececb738056b20e5cbc0587', NULL, 'NLQL-CA2-P05'),
('QL0744', 'Nguyễn Thị Thanh Tâm', '1/1/1989', '', 'Tân Bình', 'b48552c4f8adfa38efd82cf9fb12b7d1', NULL, 'NLQL-CA2-P05'),
('QL0745', 'Vũ Thụy Phi Tân', '16/05/1986', '', 'Châu Thành Sài Gòn', 'af6a44b3228a412d57bcee222a300687', NULL, 'NLQL-CA2-P05'),
('QL0746', 'Lê Mạnh Thắng', '26/11/1989', '', 'Quảng Bình', 'b915c042183209fb0e0e252c8a4d8ae5', NULL, 'NLQL-CA2-P05'),
('QL0747', 'Trịnh Trần Thiên Thanh', '10/09/1982', '', 'Bắc An Giang', '4911ccc4c8fdea845742412e24fdaa79', NULL, 'NLQL-CA2-P05'),
('QL0748', 'Trần Thị Thanh', '28/12/1981', '', 'Đông Sài Gòn', 'f7fa5cb837c8f5f8f269853159659ff0', NULL, 'NLQL-CA2-P06'),
('QL0749', 'Lê Tuấn Thanh', '03/11/1991', '', 'Sài Gòn', 'd5ecb7c515a7c4e94545c45887b3b2b8', NULL, 'NLQL-CA2-P06'),
('QL0750', 'Hoàng Thị Thanh', '18/04/1978', '', 'Chợ Lớn', '9b3dfb044ac7a1bdfea01782294ab821', NULL, 'NLQL-CA2-P06'),
('QL0751', 'Nguyễn Minh Thành', '31-12-1992', '', 'Thủ Dầu Một', '2d18b5fd0e368f8aaec283e959845911', NULL, 'NLQL-CA2-P06'),
('QL0752', 'Võ Ngọc Xuân Thảo', '25/08/1983', '', 'Long An', 'b9c1c2acde707e05e459f88b56522b5c', NULL, 'NLQL-CA2-P06'),
('QL0753', 'Nguyễn Thị Xuân Thiên', '01/05/1977', '', 'Chợ Lớn', 'b40b8640d077b91b1ca8c1f276074d3b', NULL, 'NLQL-CA2-P06'),
('QL0754', 'Hoàng Tấn Thiện', '20/04/1981', '', 'Ban QLDAPN', '222a468627cf561428b7dc4df582c7aa', NULL, 'NLQL-CA2-P06'),
('QL0755', 'Nguyễn Hữu Thọ', '24/08/1990', '', 'Bắc Sài Gòn', '4f808e9e2490c424c1ccf739e80cf6e2', NULL, 'NLQL-CA2-P06'),
('QL0756', 'Trần Kim Thoa', '11/06/1989', '', 'Bình Dương', 'f5b3641c6c852b8bd1a9590fece90363', NULL, 'NLQL-CA2-P06'),
('QL0757', 'Nguyễn Thị Thu', '18/09/1985', '', 'Bình Phước', '41516b6d3a3632a1ea698bd4eba85957', NULL, 'NLQL-CA2-P06'),
('QL0758', 'Tống Ngọc Thư', '24/04/1979', '', 'Hải Vân', '1dde61fe328a0adaea11dc965caec8fb', NULL, 'NLQL-CA2-P06'),
('QL0759', 'Mai Viết Thuận', '01/01/1984', '', 'Củ Chi', '849338e899941724be3a491db607ac31', NULL, 'NLQL-CA2-P06'),
('QL0760', 'Nguyễn Thị Hoài Thương', '14/02/1987', '', 'Nam Đồng Nai', 'dad110fd5bb9daaa3f1dda659f2ebd11', NULL, 'NLQL-CA2-P06'),
('QL0761', 'Nguyễn Thị Thương', '21/7/1991', '', 'Tân Bình', 'b3ec34b62a43d024d62bab4da36c9bc8', NULL, 'NLQL-CA2-P06'),
('QL0762', 'Hoa Thị Thương', '05-08-1989', '', 'Thủ Dầu Một', 'da0f8d6f8819b9bbd9ff48dd381220eb', NULL, 'NLQL-CA2-P06'),
('QL0763', 'Trần Thị Thuý', '04/01/1987', '', 'Đà Lạt', 'fb203b56dc86493fda3b665f281136c4', NULL, 'NLQL-CA2-P06'),
('QL0764', 'Lê Thị Thanh Thủy', '14/02/1988', '', 'Bắc Đắk Lắk', '3a66cc01889c7aa45106634a6bcbb5f7', NULL, 'NLQL-CA2-P06'),
('QL0765', 'Phạm Hồng Thủy', '12/06/1988', '', 'Bắc Đắk Lắk', '41bfb4cfde9d03e44a3b328ca2467701', NULL, 'NLQL-CA2-P06'),
('QL0766', 'Trịnh Thị Minh Thủy', '22/05/1984', '', 'Bắc Sài Gòn', 'e8847f2659eaa3e3ba1743bf9e0cf652', NULL, 'NLQL-CA2-P06'),
('QL0767', 'Nguyễn Thị Thu Thủy', '01/11/1984', '', 'Bến Tre', 'fe2d0e6d9697301e77aedc6ecabb3842', NULL, 'NLQL-CA2-P06'),
('QL0768', 'Nguyễn Ngọc Đỗ Thy', '25/11/1989', '', 'Bà Rịa', '104e10af91f1e88ae729e0583c6d9121', NULL, 'NLQL-CA2-P06'),
('QL0769', 'Nguyễn Thái Bảo Trân', '14/10/1987', '', 'Chi nhánh Bảo Lộc', '5a14e48c05f32dd6f91c097595ed176c', NULL, 'NLQL-CA2-P06'),
('QL0770', 'Nguyễn Thị Huyền Trân', '22/12/1989', '', 'Sa Đéc', 'ce84fdf2b395a471c7e588a3b4a73742', NULL, 'NLQL-CA2-P06'),
('QL0771', 'Phạm Huyền Trân', '13/01/1985', '', 'Bình Thuận', 'b3e82b6484bc5af3d650b4534ef4c208', NULL, 'NLQL-CA2-P06'),
('QL0772', 'Nguyễn Thị Huyền Trang', '12/06/1985', '', 'Bà Rịa', '81a78dc2080d84dd9995e38549779070', NULL, 'NLQL-CA2-P07'),
('QL0773', 'Trần Thụy Thiên Trang', '04/05/1990', '', 'Bắc An Giang', '3a61531acd59dbfcbd42da306e3baff9', NULL, 'NLQL-CA2-P07'),
('QL0774', 'Lê Thị Thanh Trang', '09/10/1993', '', 'Bình Tây Sài Gòn', '7df48237e498e68511b3b459a2b6c641', NULL, 'NLQL-CA2-P07'),
('QL0776', 'Trần Thị Thanh Trúc', '25/02/1985', '', 'Đồng Tháp ', 'c95fd32d02afebfff729c4b44b551b69', NULL, 'NLQL-CA2-P07'),
('QL0777', 'Trịnh Thị Thanh Trúc', '21/03/1986', '', 'Quận 9 Sài Gòn', '46074a8a286b296bde1d244d32caf9a4', NULL, 'NLQL-CA2-P07'),
('QL0778', 'Võ Anh Tú', '04/05/1981', '', 'Hải Vân', '98ea8b816a05e7fbb12baad4332281fd', NULL, 'NLQL-CA2-P07'),
('QL0779', 'Nguyễn Anh Tuấn', '17/11/1986', '', 'Hải Vân', 'a31f263c7a641ec7dc9bfd3633554f86', NULL, 'NLQL-CA2-P07'),
('QL0780', 'Trần Châu Tuấn', '04-10-1987', '', 'Thủ Dầu Một', '0d3af427b3d708ab2d78e7288f2927fe', NULL, 'NLQL-CA2-P07'),
('QL0781', 'Phạm Thị Thanh Tùng', '26/06/1984', '', 'Bà Rịa Vũng Tàu', '90b13f80dda1259c71d4c8c3d00d40b5', NULL, 'NLQL-CA2-P07'),
('QL0782', 'Cao Lê Sơn Tùng', '01/06/1982', '', 'Phú Mỹ Hưng', 'c71ec1b82b01d1b3dc6e730f2d565452', NULL, 'NLQL-CA2-P07'),
('QL0783', 'Trần Thị Thanh Tươi', '26/06/1981', '', 'Đông Sài Gòn', '669d9f23a3f815c0fda5f49f41dbe40c', NULL, 'NLQL-CA2-P07'),
('QL0784', 'Đinh Thị Bích Tuyền', '15/06/1985', '', 'Bình Tây Sài Gòn', '081772b8e1ce56ba414e027680a3564e', NULL, 'NLQL-CA2-P07'),
('QL0785', 'Phạm Ánh Tuyết', '19/02/1988', '', 'Chợ Lớn', '07c28daa4ccd3805f7eb3a7fa5c82691', NULL, 'NLQL-CA2-P07'),
('QL0786', 'Nguyễn Diệp Thu Vân', '11/07/1983', '', 'Phú Quốc', '854de10c3c6fa5ace474d386235d063c', NULL, 'NLQL-CA2-P07'),
('QL0787', 'Tăng Thị Vân', '16/05/1988', '', 'Quận 9 Sài Gòn', '05ad7689d73e3ab4155584497c6e7871', NULL, 'NLQL-CA2-P07'),
('QL0788', 'Hứa Thị Thu Vi', '05/04/1985', '', 'Bắc Sài Gòn', 'd0311b2818be4fb21e8cc1ba10daa894', NULL, 'NLQL-CA2-P07'),
('QL0789', 'Lê Ngọc Vinh', '02/09/1985', '', 'Củ Chi', '0bc5f7757a82ff04d9485e9d9021ea2a', NULL, 'NLQL-CA2-P07'),
('QL0790', 'Trương Nguyễn Anh Vũ', '05/04/1993', '', 'Bắc Sài Gòn', '8cadafca59e95d62207ff7ebc4bdfb07', NULL, 'NLQL-CA2-P07'),
('QL0791', 'Mai Hoàng Vũ', '30/04/1991', '', 'Củ Chi', '1744f24851f0b54ae0022ff8a3a79e83', NULL, 'NLQL-CA2-P07'),
('QL0792', 'Phạm Tuấn Vũ', '23/12/1991', '', 'Nam Đồng Nai', '828dfcaaf58c479bdb04ccf34bbe9284', NULL, 'NLQL-CA2-P07'),
('QL0793', 'Nguyễn Tường Vy', '22/10/1989', '', 'Bắc Sài Gòn', '5440011ea7b10424393dc18780c58329', NULL, 'NLQL-CA2-P07'),
('QL0794', 'Nguyễn Thị Ái Vy', '04/05/1981', '', 'Đà Lạt', 'e79fda7659165c097bf312e39338fae2', NULL, 'NLQL-CA2-P07'),
('QL0795', 'Nguyễn Như Ý', '15/08/1984', '', 'Bắc Sài Gòn', 'b70036d148ede74fc5542cdfcd64e24c', NULL, 'NLQL-CA2-P07'),
('QL0796', 'Võ Bình Yên', '27/10/1985', '', 'Vĩnh Long', '191287c9cdb496807377f8e14923c2d9', NULL, 'NLQL-CA2-P08'),
('QL0797', 'Dư Thị Phi Yến', '12/06/1992', '', 'Ba Tháng Hai', '13d2f8c9a979139ee1ffcf0f23f068b5', NULL, 'NLQL-CA2-P08'),
('QL0798', 'Nguyễn Thị Kim Yến', '01/09/1987', '', 'Bình Tây Sài Gòn', 'a0bcecfec3fb0344f34a4fe4f7bc4b74', NULL, 'NLQL-CA2-P08'),
('QL0799', 'Nguyên Hoàng Yến', '01/02/1994', '', 'Bình Tây Sài Gòn', '000b8be933bdc44880924a5a27b754f5', NULL, 'NLQL-CA2-P08'),
('QL0800', 'Huỳnh Thụy Hoàng Anh', '05/08/1976', '', 'Nam Kỳ Khởi Nghĩa', '70b7b02aed49dead3f37c2280876ffc0', NULL, 'NLQL-CA2-P08'),
('QL0801', 'NGÔ VÂN ANH', '14/11/1989', '', 'Phú Nhuận', '6aa7a88faedb698a7aac87ac2da3490e', NULL, 'NLQL-CA2-P08'),
('QL0802', 'Nguyễn Xuân Bá', '23/04/1989', '', 'Bình Tây Sài Gòn', '6d840e4963b2d1415bf069e93de62011', NULL, 'NLQL-CA2-P08'),
('QL0803', 'Trần Xuân Bách', '02/01/1988', '', 'Sở giao dịch 2', 'c6d22588ce4170bca50a08e55de7b46f', NULL, 'NLQL-CA2-P08'),
('QL0804', 'Hoàng Thái Bảo', '24/11/1989', '', 'Sài Gòn', 'cd4fb41a012a3023eda16c4541c1c9ca', NULL, 'NLQL-CA2-P08'),
('QL0805', 'Hoàng Thị Thanh Bình', '15/04/1982', '', 'Quy Nhơn', '2eb10931f97ebf6c027f842fb8f13b67', NULL, 'NLQL-CA2-P08'),
('QL0806', 'Huỳnh Hồ Bảo Châu', '30/09/1988', '', 'Ba Tháng Hai', '0f39bba150c217f533f8dfc67576aa65', NULL, 'NLQL-CA2-P08'),
('QL0807', 'LÂM VIỆT CHI', '27/10/1976', '', 'Thủ Đức', '8f5df3bb6844820c042e76c7ee253ebd', NULL, 'NLQL-CA2-P08'),
('QL0808', 'Nguyễn Thị Lệ Chi', '09/02/1972', '', 'Trà Vinh', '42ec0e6d5234f8a4d7c525f1ff8c1a47', NULL, 'NLQL-CA2-P08'),
('QL0809', 'CAO VĂN CHÍNH', '15/03/1973', '', 'GIA LAI', '06ff42faf8b7d5a197b51955bf46ba8a', NULL, 'NLQL-CA2-P08'),
('QL0810', 'Trần Huỳnh Hồng Cúc', '15/09/1985', '', 'Thống nhất', '2c693fe7fc7579247a0d92db83c5f048', NULL, 'NLQL-CA2-P08'),
('QL0811', 'Cao Minh Đạt', '01/08/1967', '', 'Kiên Giang', '5658e27341ccac8ff376a61efea1e370', NULL, 'NLQL-CA2-P08'),
('QL0812', 'Từ Thị Định', '01/10/1986', '', 'Châu Thành Sài Gòn', '49931b03d8938e99ec65fcb147f819aa', NULL, 'NLQL-CA2-P08'),
('QL0813', 'Nguyễn Thị Mỹ Duyên', '19/10/1987', '', 'Bình Thạnh', '82c6a5dba11e074131bb35c8b39882a1', NULL, 'NLQL-CA2-P08'),
('QL0814', 'Nguyễn Văn Duyên', '18/2/1972', '', 'Tiền Giang', '01d79c7e79d3e60342df57c42642fa7c', NULL, 'NLQL-CA2-P08'),
('QL0815', 'Lê Thị Hồng Hạnh', '10/02/1982', '', 'Châu Thành Sài Gòn', 'f0ff40fb365dbb94eeb25208e9099f87', NULL, 'NLQL-CA2-P08'),
('QL0816', 'Nguyễn Thị Hồng Hạnh', '07/07/1985', '', 'Chợ Lớn', '12321c076b3a143bcbeabc1960b3ca63', NULL, 'NLQL-CA2-P08'),
('QL0817', 'Phạm Mỹ Hạnh', '06/09/1973', '', 'Thống nhất', 'e3186d2f77516a73472e13f876c91496', NULL, 'NLQL-CA2-P08'),
('QL0818', 'Nguyễn Ngọc Diệu Hiền', '02/12/1982', '', 'Bến Thành', '38bfb93b2e2f130ebf077f3049c9d0de', NULL, 'NLQL-CA2-P08'),
('QL0819', 'Nguyễn Thị Thu Hiền', '01/01/1983', '', 'Nam Gia Lai', '3bb0db0d04d6c2609f9aa080596bb364', NULL, 'NLQL-CA2-P09'),
('QL0820', 'Võ Thị Út Hiền', '06/01/1976', '', 'Quy Nhơn', 'fd424f5a2a2885ef1e1213bb0baef5d7', NULL, 'NLQL-CA2-P09'),
('QL0822', 'Nguyễn Văn Hóa', '01/08/1981', '', 'Quy Nhơn', '6e9da7968abf0b57a1acaf9dd0fbbd43', NULL, 'NLQL-CA2-P09'),
('QL0823', 'Trần Thái Việt Hòa', '27/01/1985', '', 'Bình Thạnh', '36141cfc35358ee62f1ba40d872db37e', NULL, 'NLQL-CA2-P09'),
('QL0824', 'Cao Thị Bé Hòa', '03.03.1985', '', 'Nhà Bè', 'ccd55e4e275e82c983d30ca4fdba6ec7', NULL, 'NLQL-CA2-P09'),
('QL0825', 'Chu Thị Thu Hoài', '13/06/1985', '', 'Đông Sài Gòn', 'a67c7609dbbe821fe125f8016b66dd2b', NULL, 'NLQL-CA2-P09'),
('QL0826', 'Nguyễn Thị Hồng', '23/01/1983', '', 'Kon Tum', '0aa6ab1ade8b08b9d70263d58156e4df', NULL, 'NLQL-CA2-P09'),
('QL0827', 'Lê Khắc Hùng', '20/12/1974', '', 'Bắc An Giang', 'db7c9bee593ecf9a640b0408022fb64d', NULL, 'NLQL-CA2-P09'),
('QL0828', 'Trần Hữu Hùng', '05/10/1982', '', 'Quận 9 Sài Gòn', '2189a43e2e223ca669cdf7d133059377', NULL, 'NLQL-CA2-P09'),
('QL0829', 'Ong Quốc Hưng', '26/03/1977', '', 'Kiên Giang', '5d518a4eaf88b54c3c5dc160b843f3c2', NULL, 'NLQL-CA2-P09'),
('QL0830', 'Đặng Quốc Hưng', '10/11/1982', '', 'Quy Nhơn', 'd1d7b7b507b23ed436df768b29e15cbc', NULL, 'NLQL-CA2-P09'),
('QL0831', 'Nguyễn Thị Hương', '03/02/1983', '', 'Đăk Lăk', 'bf0dcab0f9822f81b05c10e4b074457f', NULL, 'NLQL-CA2-P09'),
('QL0832', 'Trần Thị Thanh Huyền', '22/02/1983', '', 'Bến Nghé', '8a33f7817178303c8800defa0a56a4ed', NULL, 'NLQL-CA2-P09'),
('QL0833', 'Nguyễn Trương Bảo Khánh', '09/11/1986', '', 'Đông Sài Gòn', 'a3ae2db033e8c6547bd92922dba2ee5a', NULL, 'NLQL-CA2-P09'),
('QL0834', 'Từ Thị Ngọc Lan', '25/08/1985', '', 'Thủ Thiêm', '87485f3336c28527caac5373c2d58a87', NULL, 'NLQL-CA2-P09'),
('QL0835', 'Cao Thị Minh Liên', '05/08/1977', '', 'Cà Mau', 'e911476d824f992c886af901d70e71aa', NULL, 'NLQL-CA2-P09'),
('QL0836', 'Lê Thị Mỹ Linh', '04/05/1974', '', 'Long An', '3870eafd54c45e261a7497077cae0dd2', NULL, 'NLQL-CA2-P09'),
('QL0837', 'Phạm Thị Thùy Linh', '29/09/1987', '', 'Tây Ninh', '9b040ad9c03d97952f934fce182d6fbb', NULL, 'NLQL-CA2-P09'),
('QL0838', 'Nguyễn Thị Thanh Loan', '01/01/1976', '', 'Đăk Lăk', '70a361f83f0104af144d3d5b9a48a373', NULL, 'NLQL-CA2-P09'),
('QL0839', 'Trần Minh Luân', '09/06/1984', '', 'Phú Mỹ Hưng', '257681799c715591c1f1eede0218a576', NULL, 'NLQL-CA2-P09'),
('QL0840', 'Nguyễn Thụy Phương Thảo Mây', '18/12/1982', '', 'Chi nhánh Bảo Lộc', '3b6c2d9785929cf2688062f907095d86', NULL, 'NLQL-CA2-P09'),
('QL0841', 'Nguyễn Thị Hoàng Minh', '24/06/1981', '', 'Đông Sài Gòn', 'ba83bf1c4d44ad12b8dc5109d6bc3de2', NULL, 'NLQL-CA2-P09'),
('QL0842', 'Nguyễn Thị Thanh Mơ', '30/11/1984', '', 'Đông Đăklăk', '293b2cd19815cdd76a8252f22476ca97', NULL, 'NLQL-CA2-P10'),
('QL0843', 'Vũ Thị Quỳnh Nga', '04/02/1983', '', 'Đăk Lăk', 'cbdbfa3f2245262a98f2b8b4d6967c0f', NULL, 'NLQL-CA2-P10'),
('QL0844', 'Trần Thị Kim Ngân', '16/06/1985', '', 'Nam Sài Gòn', '6338bc02263a64be11925b8a86d6ac84', NULL, 'NLQL-CA2-P10'),
('QL0845', 'Trần Yến Ngân', '11/02/1989', '', 'Nam Sài Gòn', '082e0f772334af4e9b4618228c17f76e', NULL, 'NLQL-CA2-P10'),
('QL0846', 'Kiều Thị Như Ngọc', '19/05/1989', '', 'Bến Thành', '0863547d9c2daf5bd088f365163ad784', NULL, 'NLQL-CA2-P10'),
('QL0847', 'Đỗ Thị Thanh Nhàn', '18/09/1990', '', 'Nam Sài Gòn', '1417ec2922b7b75232aa00a5782f2fe5', NULL, 'NLQL-CA2-P10'),
('QL0848', 'Cao Quốc Phong', '27/06/1978', '', 'Bình Tây Sài Gòn', 'c7c966e75df70dc6980f38731109ac1f', NULL, 'NLQL-CA2-P10'),
('QL0849', 'Nguyễn Kỳ Phong', '28/10/1981', '', 'Kon Tum', 'e3d33e495da4504ebec72af97aa088c6', NULL, 'NLQL-CA2-P10'),
('QL0850', 'Lê Nguyễn Hạnh Phùng', '09/04/1980', '', 'Thừa Thiên Huế', 'af5a8c35292b6e893216b817faba72e4', NULL, 'NLQL-CA2-P10'),
('QL0851', 'Hồ Quang Phương', '01/02/1989', '', 'Bình Thạnh', 'e554f24a6781b42917dbdaeaec09d5b8', NULL, 'NLQL-CA2-P10'),
('QL0852', 'Nguyễn Thị Nhã Phương', '02/09/1984', '', 'Quận 9 Sài Gòn', 'f7a7029088d29fc4bba1b5e59ea39b05', NULL, 'NLQL-CA2-P10'),
('QL0853', 'Nguyễn Thị Kim Phượng', '11/07/1974', '', 'Long An', 'ac55a11e2b8daf5dc772d8583f4a56a7', NULL, 'NLQL-CA2-P10'),
('QL0854', 'Vương Ngọc Sậm', '10/04/1985', '', 'An Giang ', '99566c41b4b4fce02a5200fed4d84f38', NULL, 'NLQL-CA2-P10'),
('QL0855', 'Nguyễn Thanh Sang', '14/09/1978', '', 'Quảng Ngãi', 'e4c7cdae660e439bf1590cf54e4e131f', NULL, 'NLQL-CA2-P10'),
('QL0856', 'Đào Hồng Tản', '27/09/1969', '', 'Nam Sài Gòn', '3528fa10af2131ef972a8117790b41cd', NULL, 'NLQL-CA2-P10'),
('QL0857', 'Trần Thị Thấm', '03/05/1988', '', 'Quận 9 Sài Gòn', 'd3ceab17a779a3f2f9cac16035302997', NULL, 'NLQL-CA2-P10'),
('QL0858', 'Tạ Phương Thảo', '29/04/1986', '', 'Nam Sài Gòn', '774c925252005fff7f80c92a759b20b6', NULL, 'NLQL-CA2-P10'),
('QL0859', 'Trần Thị Lệ Thu', '02/06/1984', '', 'Bến Thành', 'f219f312eda90bfe4ed440ac148623ff', NULL, 'NLQL-CA2-P10'),
('QL0860', 'HOÀNG NGỌC KIM THƯ', '19/4/1984', '', 'Phú Nhuận', 'bd95bbfd53b67a5696f9932f011cf507', NULL, 'NLQL-CA2-P10'),
('QL0861', 'Phan Thị Thanh Thư', '30/08/1983', '', 'Quy Nhơn', 'dc7862bd2f10adde046601c11fa8fba7', NULL, 'NLQL-CA2-P10'),
('QL0862', 'Thái Thị Thu Thuỳ', '12/11/1983', '', 'Đắk Nông', 'ca3036c5492e501c705ef503e228587c', NULL, 'NLQL-CA2-P10'),
('QL0863', 'VĂN THỊ KIM THÚY', '03/11/1987', '', 'Thủ Đức', '1e676daef2956295144ad7266507fb0a', NULL, 'NLQL-CA2-P10'),
('QL0864', 'Nguyễn Thị Thanh Thủy', '25/4/1982', '', 'Đông Đăklăk', '3fb6e5d29135fbe9147457b64abc5cd0', NULL, 'NLQL-CA2-P10'),
('QL0865', 'Nguyễn Thị Hồng Thủy', '06/10/1990', '', 'Quận 9 Sài Gòn', '4dd4918c47a72473cc25889bed0bd471', NULL, 'NLQL-CA2-P11'),
('QL0866', 'NGUYỄN THỊ PHƯƠNG THỦY', '01/10/1985', '', 'Thủ Đức', '16ffd7a87fa8426489dac20b0f325cb1', NULL, 'NLQL-CA2-P11'),
('QL0867', 'Trần Việt Tiến', '26/02/1977', '', 'Quận 9 Sài Gòn', 'f1463186fd56b0636ac20780d25da071', NULL, 'NLQL-CA2-P11'),
('QL0868', 'Nguyễn Ngọc Tiến', '07/07/1981', '', 'Quảng Bình', 'd4ff38cc5a7e35bc61f0ec391c15e289', NULL, 'NLQL-CA2-P11'),
('QL0869', 'Lê Thị Kim Tranh', '15/01/1974', '', 'Bến Tre', 'bb492ab9ac1cd5bade6901edb88293e5', NULL, 'NLQL-CA2-P11'),
('QL0870', 'Nguyễn Cảnh Trí', '02/11/1978', '', 'Đông Sài Gòn', 'ef034ca85056129d68648941869cd7e8', NULL, 'NLQL-CA2-P11'),
('QL0871', 'NGUYỄN TRUNG TRÍ', '20/8/1989', '', 'Phú Nhuận', '92549ad35fd3450b3cf904f073ba7571', NULL, 'NLQL-CA2-P11'),
('QL0872', 'Phan Thị Tố Trinh', '14/05/1983', '', 'Phú Tài', '98a8aa29a31de39f132e2e5bdb4a8be6', NULL, 'NLQL-CA2-P11'),
('QL0873', 'Bùi Thị Diễm Trinh', '18/3/1985', '', 'Tiền Giang', '6029220fb5d1ac085d5a8fce45c29920', NULL, 'NLQL-CA2-P11'),
('QL0874', 'Nguyễn Xuân Trường', '07/08/1973', '', 'Bến Thành', 'd7c2bcf5657e72540b142a7c4c44bfce', NULL, 'NLQL-CA2-P11'),
('QL0875', 'Trần Thị Cẩm Tú', '24/02/1984', '', 'Nam Sài Gòn', '7fbc3e41bb678d598307085bc7f75ff9', NULL, 'NLQL-CA2-P11'),
('QL0876', 'LÊ HUY TUẤN', '15/09/1972', '', 'Thủ Đức', '0ee23c3650e995d58167ed840c1f210e', NULL, 'NLQL-CA2-P11'),
('QL0877', 'Nguyễn Khánh Tường', '15/11/1991', '', 'Nam Sài Gòn', 'eb46bd7bffed762de28cbbbd8c6410bb', NULL, 'NLQL-CA2-P11'),
('QL0878', 'Mai Trọng Tựu', '20/10/1976', '', 'Đăk Lăk', 'f31017e407959a40c5463327acec0759', NULL, 'NLQL-CA2-P11'),
('QL0879', 'Phạm Thị Kim Tuyến', '16/2/1989', '', 'Đắk Nông', 'd861ec50c034e8baca68591e1f2fbcfd', NULL, 'NLQL-CA2-P11'),
('QL0880', 'Trần Thị Ánh Tuyết', '27/07/1984', '', 'Quy Nhơn', '709d3bab4eb0ac2e33db58fc676d38fd', NULL, 'NLQL-CA2-P11'),
('QL0881', 'Nguyễn Thị Thanh Uyên', '10/03/1986', '', 'Chi nhánh Bảo Lộc', '89e61bd6a712ab33e2b6380423a32cdd', NULL, 'NLQL-CA2-P11'),
('QL0882', 'Phạm Thị Phượng Uyên', '17/05/1980', '', 'Nam Kỳ Khởi Nghĩa', '133ca65e91e818dbcfa53687e6fc5bdc', NULL, 'NLQL-CA2-P11'),
('QL0883', 'ĐẶNG BÁ PHƯƠNG UYÊN', '28/7/1984', '', 'Phú Nhuận', '20eb06cb7435c7a2b65c6e95059efdf7', NULL, 'NLQL-CA2-P11'),
('QL0884', 'Trần Thị Bảo Vân', '21/05/1982', '', 'Phú Tài', 'ee93274630794c0126ed2f8c222d88e7', NULL, 'NLQL-CA2-P11'),
('QL0885', 'Phan Hữu Hoài Việt', '03/11/1973', '', 'VPĐD BIDV tại Đà Nẵng', '2d1d0d72b74abe6ea66c8328a7e30e87', NULL, 'NLQL-CA2-P11'),
('QL0886', 'Lưu An Vũ', '07/08/1979', '', 'Khánh Hòa', '1667507c310107c09c28d1ca460bfd84', NULL, 'NLQL-CA2-P11'),
('QL0887', 'Diệp Đông Yên', '14/05/1976', '', 'BIDV Tây Đô', '1d2f82e2041947933fe27619adabd216', NULL, 'NLQL-CA2-P11'),
('QL0888', 'Nguyễn Thành Nam', '20/11/1977', '', 'Ba Mươi Tháng Tư', '77f872dc0af859d52a7bc7df27801fbb', NULL, 'NLQL-CA1-P06'),
('QL0889', 'Trần Ngọc Luyến', '14/07/1979', '', 'Ba Mươi Tháng Tư', '1d06fc09c7e5a855f69a04ffca39d5c7', NULL, 'NLQL-CA1-P06'),
('QL0890', 'Trần Lệ Khanh', '01/08/1983', '', 'Ba Mươi Tháng Tư', '7d2accf5404f4cf9079fbc3a007e106e', NULL, 'NLQL-CA1-P05'),
('QL0891', 'Võ Phạm Quỳnh Giang', '14/05/1975', '', 'Ba Mươi Tháng Tư', '3529592165053900654fa86743ed8888', NULL, 'NLQL-CA1-P05'),
('QL0901', 'Nguyễn Nho Hiển', '01/07/1981', '', 'TPHCM', '18f04821a9993755827799c21b7eaa61', NULL, 'NLQL-CA1-P02'),
('QL0902', 'Nguyễn Thị Hoàng Oanh', '01/07/1987', '', 'BIDV Bà Rịa - Vũng Tàu', 'fa5adbe14eb3e8a66915ef18d256557f', NULL, 'NLQL-CA2-P11');

-- --------------------------------------------------------

--
-- Table structure for table `kythi`
--

CREATE TABLE IF NOT EXISTS `kythi` (
  `makythi` varchar(20) COLLATE utf8_unicode_ci NOT NULL,
  `tenkythi` varchar(300) COLLATE utf8_unicode_ci NOT NULL,
  `tgbatdau` timestamp NULL DEFAULT NULL,
  `tgketthuc` timestamp NULL DEFAULT NULL
) ENGINE=InnoDB DEFAULT CHARSET=utf8 COLLATE=utf8_unicode_ci;

--
-- Dumping data for table `kythi`
--

INSERT INTO `kythi` (`makythi`, `tenkythi`, `tgbatdau`, `tgketthuc`) VALUES
('NLQL', 'Kiểm tra năng lực quản lý (Đợt 1 năm 2019)', '2019-04-16 00:00:00', '2019-04-21 05:00:00');

-- --------------------------------------------------------

--
-- Table structure for table `matkhau`
--

CREATE TABLE IF NOT EXISTS `matkhau` (
  `id` int(11) NOT NULL,
  `sbd` varchar(20) COLLATE utf8_unicode_ci NOT NULL,
  `matkhau` varchar(50) COLLATE utf8_unicode_ci NOT NULL
) ENGINE=InnoDB AUTO_INCREMENT=411 DEFAULT CHARSET=utf8 COLLATE=utf8_unicode_ci;

--
-- Dumping data for table `matkhau`
--

INSERT INTO `matkhau` (`id`, `sbd`, `matkhau`) VALUES
(1, 'QL0475', '741903'),
(2, 'QL0476', '464134'),
(3, 'QL0477', '169963'),
(4, 'QL0478', '735960'),
(5, 'QL0479', '371317'),
(6, 'QL0480', '378132'),
(7, 'QL0481', '784622'),
(8, 'QL0482', '989095'),
(9, 'QL0483', '378751'),
(10, 'QL0484', '625579'),
(11, 'QL0485', '471482'),
(12, 'QL0486', '491739'),
(13, 'QL0487', '164567'),
(14, 'QL0488', '847586'),
(15, 'QL0489', '564776'),
(16, 'QL0490', '285195'),
(17, 'QL0491', '762950'),
(18, 'QL0492', '166487'),
(19, 'QL0493', '395706'),
(20, 'QL0494', '783616'),
(21, 'QL0495', '715169'),
(22, 'QL0496', '605503'),
(23, 'QL0497', '785701'),
(24, 'QL0498', '837193'),
(25, 'QL0499', '311042'),
(26, 'QL0500', '904836'),
(27, 'QL0501', '491530'),
(28, 'QL0502', '393136'),
(29, 'QL0503', '755623'),
(30, 'QL0504', '492995'),
(31, 'QL0901', '749381'),
(32, 'QL0505', '344175'),
(33, 'QL0506', '182932'),
(34, 'QL0507', '537768'),
(35, 'QL0508', '141366'),
(36, 'QL0509', '293424'),
(37, 'QL0510', '535001'),
(38, 'QL0511', '641467'),
(39, 'QL0512', '720818'),
(40, 'QL0513', '192326'),
(41, 'QL0514', '427244'),
(42, 'QL0515', '946325'),
(43, 'QL0516', '909159'),
(44, 'QL0517', '444093'),
(45, 'QL0518', '989882'),
(46, 'QL0519', '722218'),
(47, 'QL0520', '256847'),
(48, 'QL0521', '905540'),
(49, 'QL0522', '610812'),
(50, 'QL0523', '173229'),
(51, 'QL0524', '860757'),
(52, 'QL0525', '322227'),
(53, 'QL0526', '848319'),
(54, 'QL0527', '541080'),
(55, 'QL0528', '443693'),
(56, 'QL0529', '815461'),
(57, 'QL0530', '307457'),
(58, 'QL0531', '356915'),
(59, 'QL0532', '217707'),
(60, 'QL0533', '929304'),
(61, 'QL0534', '928371'),
(62, 'QL0535', '733255'),
(63, 'QL0536', '426283'),
(64, 'QL0537', '854359'),
(65, 'QL0538', '334282'),
(66, 'QL0539', '103123'),
(67, 'QL0540', '371482'),
(68, 'QL0541', '885664'),
(69, 'QL0542', '820312'),
(70, 'QL0543', '391867'),
(71, 'QL0544', '434058'),
(72, 'QL0545', '361616'),
(73, 'QL0546', '896800'),
(74, 'QL0547', '946851'),
(75, 'QL0548', '906184'),
(76, 'QL0549', '725695'),
(77, 'QL0550', '149864'),
(78, 'QL0551', '731597'),
(79, 'QL0552', '916384'),
(80, 'QL0553', '471742'),
(81, 'QL0554', '802517'),
(82, 'QL0555', '889999'),
(83, 'QL0556', '607989'),
(84, 'QL0557', '651261'),
(85, 'QL0558', '486372'),
(86, 'QL0559', '622308'),
(87, 'QL0560', '171112'),
(88, 'QL0561', '488403'),
(89, 'QL0562', '935282'),
(90, 'QL0563', '283126'),
(91, 'QL0564', '761196'),
(92, 'QL0565', '393672'),
(93, 'QL0566', '852758'),
(94, 'QL0567', '763598'),
(95, 'QL0568', '809363'),
(96, 'QL0569', '390909'),
(97, 'QL0570', '287903'),
(98, 'QL0891', '717634'),
(99, 'QL0571', '508825'),
(100, 'QL0572', '721717'),
(101, 'QL0573', '345081'),
(102, 'QL0574', '356877'),
(103, 'QL0575', '200016'),
(104, 'QL0576', '999139'),
(105, 'QL0577', '458592'),
(106, 'QL0578', '703331'),
(107, 'QL0579', '919057'),
(108, 'QL0580', '155587'),
(109, 'QL0581', '858471'),
(110, 'QL0890', '280336'),
(111, 'QL0582', '176171'),
(112, 'QL0583', '403094'),
(113, 'QL0584', '857149'),
(114, 'QL0585', '744538'),
(115, 'QL0586', '468523'),
(116, 'QL0587', '699831'),
(117, 'QL0588', '295508'),
(118, 'QL0589', '912194'),
(119, 'QL0590', '623306'),
(120, 'QL0889', '523733'),
(121, 'QL0591', '320892'),
(122, 'QL0592', '698539'),
(123, 'QL0593', '240955'),
(124, 'QL0888', '128020'),
(125, 'QL0594', '970568'),
(126, 'QL0595', '297996'),
(127, 'QL0596', '452590'),
(128, 'QL0597', '527855'),
(129, 'QL0598', '276047'),
(130, 'QL0599', '661697'),
(131, 'QL0600', '472566'),
(132, 'QL0601', '231630'),
(133, 'QL0602', '441352'),
(134, 'QL0603', '402756'),
(135, 'QL0604', '423074'),
(136, 'QL0605', '284489'),
(137, 'QL0606', '817826'),
(138, 'QL0607', '742603'),
(139, 'QL0608', '846367'),
(140, 'QL0609', '807743'),
(141, 'QL0610', '817881'),
(142, 'QL0611', '724572'),
(143, 'QL0612', '854747'),
(144, 'QL0613', '424526'),
(145, 'QL0614', '454440'),
(146, 'QL0615', '861676'),
(147, 'QL0616', '660448'),
(148, 'QL0617', '157269'),
(149, 'QL0618', '170945'),
(150, 'QL0619', '375256'),
(151, 'QL0620', '626690'),
(152, 'QL0621', '238075'),
(153, 'QL0622', '897798'),
(154, 'QL0623', '299616'),
(155, 'QL0624', '835718'),
(156, 'QL0625', '970296'),
(157, 'QL0626', '139833'),
(158, 'QL0627', '845987'),
(159, 'QL0629', '630823'),
(160, 'QL0630', '615036'),
(161, 'QL0631', '126782'),
(162, 'QL0632', '545503'),
(163, 'QL0634', '352268'),
(164, 'QL0635', '466726'),
(165, 'QL0636', '993566'),
(166, 'QL0637', '533685'),
(167, 'QL0638', '104145'),
(168, 'QL0639', '566509'),
(169, 'QL0640', '262400'),
(170, 'QL0641', '920457'),
(171, 'QL0642', '219908'),
(172, 'QL0644', '436777'),
(173, 'QL0645', '754834'),
(174, 'QL0646', '249241'),
(175, 'QL0647', '819757'),
(176, 'QL0648', '280474'),
(177, 'QL0649', '183962'),
(178, 'QL0650', '523369'),
(179, 'QL0652', '427827'),
(180, 'QL0653', '160131'),
(181, 'QL0654', '300927'),
(182, 'QL0655', '184853'),
(183, 'QL0656', '975539'),
(184, 'QL0657', '388862'),
(185, 'QL0658', '819050'),
(186, 'QL0659', '245137'),
(187, 'QL0660', '976026'),
(188, 'QL0661', '376007'),
(189, 'QL0662', '753664'),
(190, 'QL0663', '937433'),
(191, 'QL0664', '472511'),
(192, 'QL0665', '159761'),
(193, 'QL0666', '432972'),
(194, 'QL0668', '885963'),
(195, 'QL0669', '886415'),
(196, 'QL0670', '157376'),
(197, 'QL0671', '191126'),
(198, 'QL0672', '919960'),
(199, 'QL0673', '320862'),
(200, 'QL0674', '493163'),
(201, 'QL0675', '851538'),
(202, 'QL0676', '939217'),
(203, 'QL0677', '893691'),
(204, 'QL0678', '375092'),
(205, 'QL0679', '589728'),
(206, 'QL0680', '464185'),
(207, 'QL0681', '614748'),
(208, 'QL0682', '894793'),
(209, 'QL0684', '365642'),
(210, 'QL0685', '617374'),
(211, 'QL0686', '551746'),
(212, 'QL0687', '391331'),
(213, 'QL0688', '338033'),
(214, 'QL0689', '990114'),
(215, 'QL0690', '736828'),
(216, 'QL0691', '990027'),
(217, 'QL0692', '801113'),
(218, 'QL0693', '635720'),
(219, 'QL0694', '672304'),
(220, 'QL0695', '213205'),
(221, 'QL0696', '216304'),
(222, 'QL0697', '866332'),
(223, 'QL0698', '411419'),
(224, 'QL0699', '182196'),
(225, 'QL0700', '565630'),
(226, 'QL0701', '905255'),
(227, 'QL0702', '477474'),
(228, 'QL0703', '821914'),
(229, 'QL0704', '202533'),
(230, 'QL0705', '183730'),
(231, 'QL0706', '770413'),
(232, 'QL0707', '970990'),
(233, 'QL0708', '358115'),
(234, 'QL0709', '525071'),
(235, 'QL0710', '745957'),
(236, 'QL0711', '534367'),
(237, 'QL0712', '326719'),
(238, 'QL0713', '652418'),
(239, 'QL0714', '602929'),
(240, 'QL0715', '755438'),
(241, 'QL0716', '259567'),
(242, 'QL0717', '696076'),
(243, 'QL0718', '686941'),
(244, 'QL0719', '844445'),
(245, 'QL0720', '469862'),
(246, 'QL0721', '661286'),
(247, 'QL0722', '118947'),
(248, 'QL0723', '335601'),
(249, 'QL0724', '753756'),
(250, 'QL0725', '137084'),
(251, 'QL0726', '500266'),
(252, 'QL0727', '245322'),
(253, 'QL0728', '219464'),
(254, 'QL0729', '429203'),
(255, 'QL0730', '401987'),
(256, 'QL0731', '276820'),
(257, 'QL0733', '630407'),
(258, 'QL0734', '629842'),
(259, 'QL0735', '527459'),
(260, 'QL0736', '285363'),
(261, 'QL0737', '438916'),
(262, 'QL0738', '869933'),
(263, 'QL0739', '982103'),
(264, 'QL0740', '386956'),
(265, 'QL0741', '645114'),
(266, 'QL0742', '571880'),
(267, 'QL0743', '128264'),
(268, 'QL0744', '912939'),
(269, 'QL0745', '685324'),
(270, 'QL0746', '769843'),
(271, 'QL0747', '147942'),
(272, 'QL0748', '393616'),
(273, 'QL0749', '779889'),
(274, 'QL0750', '765117'),
(275, 'QL0751', '382471'),
(276, 'QL0752', '654330'),
(277, 'QL0753', '140700'),
(278, 'QL0754', '901933'),
(279, 'QL0755', '875183'),
(280, 'QL0756', '206112'),
(281, 'QL0757', '921410'),
(282, 'QL0758', '400624'),
(283, 'QL0759', '129190'),
(284, 'QL0760', '282475'),
(285, 'QL0761', '534133'),
(286, 'QL0762', '484213'),
(287, 'QL0763', '277835'),
(288, 'QL0764', '804342'),
(289, 'QL0765', '202199'),
(290, 'QL0766', '385221'),
(291, 'QL0767', '430331'),
(292, 'QL0768', '506245'),
(293, 'QL0769', '247523'),
(294, 'QL0770', '317872'),
(295, 'QL0771', '142000'),
(296, 'QL0772', '289967'),
(297, 'QL0773', '908260'),
(298, 'QL0774', '201348'),
(299, 'QL0776', '159358'),
(300, 'QL0777', '631073'),
(301, 'QL0778', '821333'),
(302, 'QL0779', '287377'),
(303, 'QL0780', '711619'),
(304, 'QL0781', '237323'),
(305, 'QL0782', '661735'),
(306, 'QL0783', '389257'),
(307, 'QL0784', '251805'),
(308, 'QL0785', '910130'),
(309, 'QL0786', '532679'),
(310, 'QL0787', '830210'),
(311, 'QL0788', '992251'),
(312, 'QL0789', '303647'),
(313, 'QL0790', '665389'),
(314, 'QL0791', '141668'),
(315, 'QL0792', '258188'),
(316, 'QL0793', '429165'),
(317, 'QL0794', '484196'),
(318, 'QL0795', '256655'),
(319, 'QL0796', '309207'),
(320, 'QL0797', '691646'),
(321, 'QL0798', '612208'),
(322, 'QL0799', '415075'),
(323, 'QL0800', '635750'),
(324, 'QL0801', '878870'),
(325, 'QL0802', '592621'),
(326, 'QL0803', '680678'),
(327, 'QL0804', '709906'),
(328, 'QL0805', '119249'),
(329, 'QL0806', '399364'),
(330, 'QL0807', '972121'),
(331, 'QL0808', '751099'),
(332, 'QL0809', '637185'),
(333, 'QL0810', '127550'),
(334, 'QL0811', '702757'),
(335, 'QL0812', '805241'),
(336, 'QL0813', '655710'),
(337, 'QL0814', '218610'),
(338, 'QL0815', '293689'),
(339, 'QL0816', '573973'),
(340, 'QL0817', '504356'),
(341, 'QL0818', '994878'),
(342, 'QL0819', '488249'),
(343, 'QL0820', '997319'),
(344, 'QL0822', '319237'),
(345, 'QL0823', '597246'),
(346, 'QL0824', '898759'),
(347, 'QL0825', '381682'),
(348, 'QL0826', '401685'),
(349, 'QL0827', '211276'),
(350, 'QL0828', '747342'),
(351, 'QL0829', '876113'),
(352, 'QL0830', '192712'),
(353, 'QL0831', '207061'),
(354, 'QL0832', '366231'),
(355, 'QL0833', '894025'),
(356, 'QL0834', '525871'),
(357, 'QL0835', '889854'),
(358, 'QL0836', '679858'),
(359, 'QL0837', '660641'),
(360, 'QL0838', '903164'),
(361, 'QL0839', '279066'),
(362, 'QL0840', '208226'),
(363, 'QL0841', '304103'),
(364, 'QL0842', '160628'),
(365, 'QL0843', '598928'),
(366, 'QL0844', '120223'),
(367, 'QL0845', '477592'),
(368, 'QL0846', '951105'),
(369, 'QL0847', '945247'),
(370, 'QL0848', '797902'),
(371, 'QL0849', '945511'),
(372, 'QL0850', '934730'),
(373, 'QL0851', '802266'),
(374, 'QL0852', '726356'),
(375, 'QL0853', '375837'),
(376, 'QL0854', '541856'),
(377, 'QL0855', '501296'),
(378, 'QL0856', '431898'),
(379, 'QL0857', '508871'),
(380, 'QL0858', '804576'),
(381, 'QL0859', '344461'),
(382, 'QL0860', '863650'),
(383, 'QL0861', '847675'),
(384, 'QL0862', '136232'),
(385, 'QL0863', '374293'),
(386, 'QL0864', '436064'),
(387, 'QL0865', '668914'),
(388, 'QL0866', '798721'),
(389, 'QL0867', '285777'),
(390, 'QL0868', '240824'),
(391, 'QL0869', '823564'),
(392, 'QL0870', '581251'),
(393, 'QL0871', '723623'),
(394, 'QL0872', '519016'),
(395, 'QL0873', '929125'),
(396, 'QL0874', '968878'),
(397, 'QL0875', '254297'),
(398, 'QL0876', '626822'),
(399, 'QL0877', '971920'),
(400, 'QL0878', '344626'),
(401, 'QL0879', '801622'),
(402, 'QL0880', '611564'),
(403, 'QL0881', '319292'),
(404, 'QL0882', '660115'),
(405, 'QL0883', '806139'),
(406, 'QL0884', '808464'),
(407, 'QL0885', '147244'),
(408, 'QL0886', '358370'),
(409, 'QL0887', '663943'),
(410, 'QL0902', '728879');

-- --------------------------------------------------------

--
-- Table structure for table `modun`
--

CREATE TABLE IF NOT EXISTS `modun` (
  `mamodun` varchar(20) COLLATE utf8_unicode_ci NOT NULL,
  `tenmodun` varchar(200) COLLATE utf8_unicode_ci NOT NULL,
  `bd` timestamp NULL DEFAULT NULL,
  `kt` timestamp NULL DEFAULT NULL,
  `makythi` varchar(20) COLLATE utf8_unicode_ci NOT NULL
) ENGINE=InnoDB DEFAULT CHARSET=utf8 COLLATE=utf8_unicode_ci;

--
-- Dumping data for table `modun`
--

INSERT INTO `modun` (`mamodun`, `tenmodun`, `bd`, `kt`, `makythi`) VALUES
('M1', 'Bổ nhiệm lại Trưởng phòng', NULL, NULL, 'NLQL'),
('M2', 'Quy hoạch Trưởng phòng', NULL, NULL, 'NLQL'),
('M3', 'Bổ nhiệm lại Phó Trưởng phòng', NULL, NULL, 'NLQL'),
('M4', 'Quy hoạch Phó Trưởng phòng', NULL, NULL, 'NLQL');

-- --------------------------------------------------------

--
-- Table structure for table `phongthi`
--

CREATE TABLE IF NOT EXISTS `phongthi` (
  `mapt` varchar(200) COLLATE utf8_unicode_ci NOT NULL,
  `tenpt` varchar(250) COLLATE utf8_unicode_ci DEFAULT NULL,
  `soluongts` int(11) DEFAULT NULL,
  `ghichu` varchar(2000) COLLATE utf8_unicode_ci DEFAULT NULL,
  `macathi` varchar(200) COLLATE utf8_unicode_ci NOT NULL
) ENGINE=InnoDB DEFAULT CHARSET=utf8 COLLATE=utf8_unicode_ci;

--
-- Dumping data for table `phongthi`
--

INSERT INTO `phongthi` (`mapt`, `tenpt`, `soluongts`, `ghichu`, `macathi`) VALUES
('NLQL-CA1-P01', 'Phòng 01', 30, 'Quy hoạch Trưởng phòng', 'NLQL-CA1'),
('NLQL-CA1-P02', 'Phòng 02', 30, 'Quy hoạch Trưởng phòng', 'NLQL-CA1'),
('NLQL-CA1-P03', 'Phòng 03', 30, 'Quy hoạch Trưởng phòng', 'NLQL-CA1'),
('NLQL-CA1-P04', 'Phòng 04', 30, 'Quy hoạch Trưởng phòng', 'NLQL-CA1'),
('NLQL-CA1-P05', 'Phòng 05', 30, 'Bổ nhiệm lại Trưởng phòng', 'NLQL-CA1'),
('NLQL-CA1-P06', 'Phòng 06', 30, 'Bổ nhiệm lại Trưởng phòng', 'NLQL-CA1'),
('NLQL-CA1-P07', 'Phòng 07', 30, 'Bổ nhiệm lại Trưởng phòng', 'NLQL-CA1'),
('NLQL-CA2-P01', 'Phòng 01', 30, 'Quy hoạch Phó Trưởng phòng', 'NLQL-CA2'),
('NLQL-CA2-P02', 'Phòng 02', 30, 'Quy hoạch Phó Trưởng phòng', 'NLQL-CA2'),
('NLQL-CA2-P03', 'Phòng 03', 30, 'Quy hoạch Phó Trưởng phòng', 'NLQL-CA2'),
('NLQL-CA2-P04', 'Phòng 04', 30, 'Quy hoạch Phó Trưởng phòng', 'NLQL-CA2'),
('NLQL-CA2-P05', 'Phòng 05', 30, 'Quy hoạch Phó Trưởng phòng', 'NLQL-CA2'),
('NLQL-CA2-P06', 'Phòng 06', 30, 'Quy hoạch Phó Trưởng phòng', 'NLQL-CA2'),
('NLQL-CA2-P07', 'Phòng 07', 30, 'Quy hoạch Phó Trưởng phòng', 'NLQL-CA2'),
('NLQL-CA2-P08', 'Phòng 08', 30, 'Bổ nhiệm lại Phó Trưởng phòng', 'NLQL-CA2'),
('NLQL-CA2-P09', 'Phòng 09', 30, 'Bổ nhiệm lại Phó Trưởng phòng', 'NLQL-CA2'),
('NLQL-CA2-P10', 'Phòng 10', 30, 'Bổ nhiệm lại Phó Trưởng phòng', 'NLQL-CA2'),
('NLQL-CA2-P11', 'Phòng 11', 30, 'Bổ nhiệm lại Phó Trưởng phòng', 'NLQL-CA2');

-- --------------------------------------------------------

--
-- Table structure for table `remote`
--

CREATE TABLE IF NOT EXISTS `remote` (
  `sbd` varchar(20) COLLATE utf8_unicode_ci NOT NULL,
  `mamodun` varchar(20) COLLATE utf8_unicode_ci NOT NULL,
  `ipaddress` varchar(30) COLLATE utf8_unicode_ci DEFAULT NULL,
  `estatus` varchar(50) COLLATE utf8_unicode_ci DEFAULT NULL
) ENGINE=InnoDB DEFAULT CHARSET=utf8 COLLATE=utf8_unicode_ci;

-- --------------------------------------------------------

--
-- Table structure for table `temp`
--

CREATE TABLE IF NOT EXISTS `temp` (
  `sbd` varchar(30) COLLATE utf8_unicode_ci NOT NULL,
  `traloi` varchar(200) COLLATE utf8_unicode_ci NOT NULL DEFAULT '0,0,0,0,0,0,0,0,0,0,0,0,0,0,0,0,0,0,0,0,0,0,0,0,0,0,0,0,0,0,0,0,0,0,0,0,0,0,0,0,0,0,0,0,0,0,0,0,0,0,0,0,0,0,0,0,0,0,0,0'
) ENGINE=InnoDB DEFAULT CHARSET=utf8 COLLATE=utf8_unicode_ci;

-- --------------------------------------------------------

--
-- Table structure for table `test`
--

CREATE TABLE IF NOT EXISTS `test` (
  `id` int(11) NOT NULL,
  `name` varchar(50) COLLATE utf8_unicode_ci DEFAULT NULL
) ENGINE=InnoDB DEFAULT CHARSET=utf8 COLLATE=utf8_unicode_ci;

-- --------------------------------------------------------

--
-- Table structure for table `thoigianthi`
--

CREATE TABLE IF NOT EXISTS `thoigianthi` (
  `mamodun` varchar(20) COLLATE utf8_unicode_ci NOT NULL,
  `tongcauhoi` tinyint(4) DEFAULT NULL,
  `tgthi` int(11) DEFAULT NULL
) ENGINE=InnoDB DEFAULT CHARSET=utf8 COLLATE=utf8_unicode_ci;

--
-- Dumping data for table `thoigianthi`
--

INSERT INTO `thoigianthi` (`mamodun`, `tongcauhoi`, `tgthi`) VALUES
('M1', 60, 60),
('M2', 60, 60),
('M3', 60, 60),
('M4', 60, 60);

--
-- Indexes for dumped tables
--

--
-- Indexes for table `admin`
--
ALTER TABLE `admin`
  ADD PRIMARY KEY (`maadmin`);

--
-- Indexes for table `bode`
--
ALTER TABLE `bode`
  ADD PRIMARY KEY (`mabode`),
  ADD KEY `mamodun` (`mamodun`);

--
-- Indexes for table `cathi`
--
ALTER TABLE `cathi`
  ADD PRIMARY KEY (`macathi`),
  ADD KEY `makythi` (`makythi`);

--
-- Indexes for table `cauhoi`
--
ALTER TABLE `cauhoi`
  ADD PRIMARY KEY (`macauhoi`),
  ADD KEY `mabode` (`mabode`);

--
-- Indexes for table `cpthi`
--
ALTER TABLE `cpthi`
  ADD PRIMARY KEY (`sbd`,`mamodun`),
  ADD KEY `mamodun` (`mamodun`);

--
-- Indexes for table `dethiprofile`
--
ALTER TABLE `dethiprofile`
  ADD PRIMARY KEY (`id`),
  ADD KEY `mamodun` (`mamodun`);

--
-- Indexes for table `dethisinh`
--
ALTER TABLE `dethisinh`
  ADD PRIMARY KEY (`sbd`,`macauhoi`),
  ADD KEY `macauhoi` (`macauhoi`),
  ADD KEY `mamodun` (`mamodun`);

--
-- Indexes for table `dethisinhthu`
--
ALTER TABLE `dethisinhthu`
  ADD PRIMARY KEY (`id`);

--
-- Indexes for table `diem`
--
ALTER TABLE `diem`
  ADD PRIMARY KEY (`sbd`,`mamodun`),
  ADD KEY `mamodun` (`mamodun`);

--
-- Indexes for table `errors`
--
ALTER TABLE `errors`
  ADD PRIMARY KEY (`id`);

--
-- Indexes for table `hocvien`
--
ALTER TABLE `hocvien`
  ADD PRIMARY KEY (`sbd`),
  ADD KEY `fr_hocvien` (`mapt`);

--
-- Indexes for table `kythi`
--
ALTER TABLE `kythi`
  ADD PRIMARY KEY (`makythi`);

--
-- Indexes for table `matkhau`
--
ALTER TABLE `matkhau`
  ADD PRIMARY KEY (`id`),
  ADD KEY `sbd` (`sbd`);

--
-- Indexes for table `modun`
--
ALTER TABLE `modun`
  ADD PRIMARY KEY (`mamodun`),
  ADD KEY `makythi` (`makythi`);

--
-- Indexes for table `phongthi`
--
ALTER TABLE `phongthi`
  ADD PRIMARY KEY (`mapt`),
  ADD KEY `macathi` (`macathi`);

--
-- Indexes for table `remote`
--
ALTER TABLE `remote`
  ADD PRIMARY KEY (`sbd`,`mamodun`),
  ADD KEY `mamodun` (`mamodun`);

--
-- Indexes for table `temp`
--
ALTER TABLE `temp`
  ADD PRIMARY KEY (`sbd`);

--
-- Indexes for table `test`
--
ALTER TABLE `test`
  ADD PRIMARY KEY (`id`);

--
-- Indexes for table `thoigianthi`
--
ALTER TABLE `thoigianthi`
  ADD PRIMARY KEY (`mamodun`);

--
-- AUTO_INCREMENT for dumped tables
--

--
-- AUTO_INCREMENT for table `dethisinhthu`
--
ALTER TABLE `dethisinhthu`
  MODIFY `id` int(11) NOT NULL AUTO_INCREMENT,AUTO_INCREMENT=61;
--
-- AUTO_INCREMENT for table `errors`
--
ALTER TABLE `errors`
  MODIFY `id` int(11) NOT NULL AUTO_INCREMENT,AUTO_INCREMENT=2;
--
-- AUTO_INCREMENT for table `matkhau`
--
ALTER TABLE `matkhau`
  MODIFY `id` int(11) NOT NULL AUTO_INCREMENT,AUTO_INCREMENT=411;
--
-- AUTO_INCREMENT for table `test`
--
ALTER TABLE `test`
  MODIFY `id` int(11) NOT NULL AUTO_INCREMENT;
--
-- Constraints for dumped tables
--

--
-- Constraints for table `bode`
--
ALTER TABLE `bode`
  ADD CONSTRAINT `fr_bode_1` FOREIGN KEY (`mamodun`) REFERENCES `modun` (`mamodun`) ON DELETE CASCADE ON UPDATE CASCADE;

--
-- Constraints for table `cathi`
--
ALTER TABLE `cathi`
  ADD CONSTRAINT `cathi_ibfk_1` FOREIGN KEY (`makythi`) REFERENCES `kythi` (`makythi`) ON UPDATE CASCADE;

--
-- Constraints for table `cauhoi`
--
ALTER TABLE `cauhoi`
  ADD CONSTRAINT `cauhoi_ibfk_1` FOREIGN KEY (`mabode`) REFERENCES `bode` (`mabode`) ON UPDATE CASCADE;

--
-- Constraints for table `cpthi`
--
ALTER TABLE `cpthi`
  ADD CONSTRAINT `cpthi_ibfk_1` FOREIGN KEY (`sbd`) REFERENCES `hocvien` (`sbd`) ON DELETE CASCADE ON UPDATE CASCADE,
  ADD CONSTRAINT `cpthi_ibfk_2` FOREIGN KEY (`mamodun`) REFERENCES `modun` (`mamodun`) ON DELETE CASCADE ON UPDATE CASCADE;

--
-- Constraints for table `dethiprofile`
--
ALTER TABLE `dethiprofile`
  ADD CONSTRAINT `fr_dethiprofile_1` FOREIGN KEY (`mamodun`) REFERENCES `modun` (`mamodun`) ON DELETE CASCADE ON UPDATE CASCADE;

--
-- Constraints for table `dethisinh`
--
ALTER TABLE `dethisinh`
  ADD CONSTRAINT `dethisinh_ibfk_1` FOREIGN KEY (`sbd`) REFERENCES `hocvien` (`sbd`) ON UPDATE CASCADE,
  ADD CONSTRAINT `dethisinh_ibfk_2` FOREIGN KEY (`macauhoi`) REFERENCES `cauhoi` (`macauhoi`) ON UPDATE CASCADE,
  ADD CONSTRAINT `dethisinh_ibfk_3` FOREIGN KEY (`mamodun`) REFERENCES `modun` (`mamodun`) ON UPDATE CASCADE;

--
-- Constraints for table `diem`
--
ALTER TABLE `diem`
  ADD CONSTRAINT `diem_ibfk_2` FOREIGN KEY (`sbd`) REFERENCES `hocvien` (`sbd`),
  ADD CONSTRAINT `fr_diem_1` FOREIGN KEY (`mamodun`) REFERENCES `modun` (`mamodun`) ON DELETE CASCADE ON UPDATE CASCADE;

--
-- Constraints for table `hocvien`
--
ALTER TABLE `hocvien`
  ADD CONSTRAINT `fr_hocvien` FOREIGN KEY (`mapt`) REFERENCES `phongthi` (`mapt`) ON UPDATE CASCADE;

--
-- Constraints for table `matkhau`
--
ALTER TABLE `matkhau`
  ADD CONSTRAINT `matkhau_ibfk_1` FOREIGN KEY (`sbd`) REFERENCES `hocvien` (`sbd`) ON UPDATE CASCADE;

--
-- Constraints for table `modun`
--
ALTER TABLE `modun`
  ADD CONSTRAINT `modun_ibfk_1` FOREIGN KEY (`makythi`) REFERENCES `kythi` (`makythi`);

--
-- Constraints for table `phongthi`
--
ALTER TABLE `phongthi`
  ADD CONSTRAINT `phongthi_ibfk_1` FOREIGN KEY (`macathi`) REFERENCES `cathi` (`macathi`) ON UPDATE CASCADE;

--
-- Constraints for table `remote`
--
ALTER TABLE `remote`
  ADD CONSTRAINT `fr_remote_1` FOREIGN KEY (`mamodun`) REFERENCES `modun` (`mamodun`) ON DELETE CASCADE ON UPDATE CASCADE,
  ADD CONSTRAINT `remote_ibfk_1` FOREIGN KEY (`sbd`) REFERENCES `hocvien` (`sbd`) ON UPDATE CASCADE;

--
-- Constraints for table `thoigianthi`
--
ALTER TABLE `thoigianthi`
  ADD CONSTRAINT `fr_thoigianthi_1` FOREIGN KEY (`mamodun`) REFERENCES `modun` (`mamodun`) ON DELETE CASCADE ON UPDATE CASCADE;

/*!40101 SET CHARACTER_SET_CLIENT=@OLD_CHARACTER_SET_CLIENT */;
/*!40101 SET CHARACTER_SET_RESULTS=@OLD_CHARACTER_SET_RESULTS */;
/*!40101 SET COLLATION_CONNECTION=@OLD_COLLATION_CONNECTION */;
